group_id,transition_name,SPI,ISR,Ecc_X_1,Ecc_Y_1,Ecc_X_2,Ecc_Y_2,from_pga,to_pga,pga_ratio,log_pga_ratio,from_log_IDR_frame,from_log_IDR_masonry,from_damage_frame,from_damage_masonry,from_damage_global,transition_stage,from_IDR_frame,from_IDR_masonry,to_IDR_frame,to_IDR_masonry,to_log_IDR_frame,to_log_IDR_masonry,delta_log_IDR_frame,delta_log_IDR_masonry,target_log_delta_frame,target_log_delta_masonry,to_damage_frame,to_damage_masonry,to_damage_global,delta_damage_frame,delta_damage_masonry,delta_damage_global,to_score_global,from_score_global
0,low_to_mid,6,1.0,0.0,0.0,0.0,0.0,18.0,50.0,2.7777777777777777,1.0216512475319812,-8.37896866213953,-8.3198010463501,0,0,0,0,0.0002296466666666,0.0002436443333333,0.0007636755555555,0.00070975,-7.177367524496957,-7.250597762611194,1.2016011376425717,1.069203283738907,0.18365494880039732,0.06691377648900962,0,1,1,0,1,1,1.4355859375,0.60911083333325
0,mid_to_high,6,1.0,0.0,0.0,0.0,0.0,50.0,125.0,2.5,0.9162907318741551,-7.177367524496957,-7.250597762611194,0,1,1,1,0.0007636755555555,0.00070975,0.002682,0.00194603,-5.92119249412265,-6.241963879098715,1.2561750303743067,1.0086338835124786,0.22807141373050233,0.008596824695129816,2,2,2,2,1,1,2.2146934285714286,1.4355859375
1,low_to_mid,6,1.0,0.0,0.0,0.0,0.0731,18.0,50.0,2.7777777777777777,1.0216512475319812,-8.346588153898198,-8.288197464203316,0,0,0,0,0.0002372044444444,0.0002514673333333,0.0007715222222222,0.0007353,-7.167145082658579,-7.215231978762097,1.179443071239618,1.0729654854412178,0.16504235353726357,0.07042629672041714,0,1,1,0,1,1,1.4715156249999999,0.6286683333332499
1,mid_to_high,6,1.0,0.0,0.0,0.0,0.0731,50.0,125.0,2.5,0.9162907318741551,-7.167145082658579,-7.215231978762097,0,1,1,1,0.0007715222222222,0.0007353,0.0026244,0.00194938,-5.942902980493551,-6.24024390568084,1.2242421021650278,0.9749880730812569,0.20232196041756773,-0.025330040796282826,2,2,2,2,1,1,2.215554857142857,1.4715156249999999
2,low_to_mid,6,1.0,0.0,0.0,0.0,0.1472,18.0,50.0,2.7777777777777777,1.0216512475319812,-8.36547403678068,-8.317779649477039,0,0,0,0,0.0002327666666666,0.0002441373333333,0.0007689377777777,0.0007205366666666,-7.170500504895216,-7.23551425323443,1.194973531885465,1.0822653962426088,0.17812403608836014,0.07905643338115892,0,1,1,0,1,1,1.4507546874999062,0.61034333333325
2,mid_to_high,6,1.0,0.0,0.0,0.0,0.1472,50.0,125.0,2.5,0.9162907318741551,-7.170500504895216,-7.23551425323443,0,1,1,1,0.0007689377777777,0.0007205366666666,0.0026154888888888,0.00195729,-5.94630424334126,-6.23619441554768,1.2241962615539563,0.9993198376867496,0.20228451564317101,-0.0006803937285758647,2,2,2,2,1,1,2.2175888571428573,1.4507546874999062
3,low_to_mid,6,1.0,0.0,0.0,0.0,0.2146,18.0,50.0,2.7777777777777777,1.0216512475319812,-8.488425424722482,-8.352762673501843,0,0,0,0,0.0002058371111111,0.0002357443333333,0.0006777555555555,0.0007135233333333,-7.296723872561921,-7.245295418942579,1.1917015521605616,1.1074672545592636,0.1753821615897017,0.1020756555106634,0,1,1,0,1,1,1.440892187499953,0.58936083333325
3,mid_to_high,6,1.0,0.0,0.0,0.0,0.2146,50.0,125.0,2.5,0.9162907318741551,-7.296723872561921,-7.245295418942579,0,1,1,1,0.0006777555555555,0.0007135233333333,0.0025426,0.0020647333333333,-5.974568099448252,-6.182754197308303,1.3221557731136684,1.0625412216342764,0.2792635658900899,0.06066341789611739,2,2,2,2,1,1,2.2452171428571344,1.440892187499953
4,low_to_mid,6,1.0,0.0,0.0,0.0256,0.1236,18.0,50.0,2.7777777777777777,1.0216512475319812,-8.335288388118625,-8.349803393880174,0,0,0,0,0.0002399,0.000236443,0.0007402711111111,0.0006980366666666,-7.208494072495477,-7.267238925540634,1.126794315623148,1.0825644683395408,0.11937671229946445,0.07933273416925102,0,1,1,0,1,1,1.4191140624999061,0.5911075
4,mid_to_high,6,1.0,0.0,0.0,0.0256,0.1236,50.0,125.0,2.5,0.9162907318741551,-7.208494072495477,-7.267238925540634,0,1,1,1,0.0007402711111111,0.0006980366666666,0.0026792666666666,0.00194673,-5.922212153744216,-6.241604237092763,1.2862819187512617,1.0256346884478713,0.2517558232139207,0.025311629201875768,2,2,2,2,1,1,2.2148734285714284,1.4191140624999061
5,low_to_mid,6,1.0,0.0,0.0,0.0342,0.0861,18.0,50.0,2.7777777777777777,1.0216512475319812,-8.33651186795898,-8.335380097200806,0,0,0,0,0.0002396066666666,0.000239878,0.0007422733333333,0.0007001333333333,-7.205793008865296,-7.264239764868727,1.1307188590936836,1.0711403323320794,0.12285358895119888,0.06872381213700476,0,1,1,0,1,1,1.4220624999999532,0.599695
5,mid_to_high,6,1.0,0.0,0.0,0.0342,0.0861,50.0,125.0,2.5,0.9162907318741551,-7.205793008865296,-7.264239764868727,0,1,1,1,0.0007422733333333,0.0007001333333333,0.0027897111111111,0.0018987033333333,-5.881817232914578,-6.266584081929307,1.3239757759507171,0.9976556829394201,0.2806391612377104,-0.0023470692740355176,2,2,2,2,1,1,2.202523714285706,1.4220624999999532
6,low_to_mid,6,1.0,0.0,0.0,0.048,0.2012,18.0,50.0,2.7777777777777777,1.0216512475319812,-8.42102984031289,-8.364573683234353,0,0,0,0,0.0002201877777777,0.0002329763333333,0.00071174,0.0007271433333333,-7.247797881781891,-7.226386942596432,1.1732319585309985,1.138186740637921,0.15976229823002658,0.12943641770585362,0,1,1,0,1,1,1.460045312499953,0.58244083333325
6,mid_to_high,6,1.0,0.0,0.0,0.048,0.2012,50.0,125.0,2.5,0.9162907318741551,-7.247797881781891,-7.226386942596432,0,1,1,1,0.00071174,0.0007271433333333,0.0026428,0.00212338,-5.935916317808544,-6.15474612028571,1.3118815639733477,1.0716408223107219,0.271462415085415,0.06919095269091481,2,2,2,2,1,1,2.260297714285714,1.460045312499953
7,low_to_mid,6,1.0,0.0,0.0,0.0682,0.0,18.0,50.0,2.7777777777777777,1.0216512475319812,-8.48664674329293,-8.275356124374913,0,0,0,0,0.0002062035555555,0.0002547173333333,0.0007285088888888,0.0007579466666666,-7.224510730771607,-7.1848975353954785,1.2621360125213215,1.090458588979434,0.23280553368514495,0.08659833159593917,0,1,1,0,1,1,1.503362499999906,0.63679333333325
7,mid_to_high,6,1.0,0.0,0.0,0.0682,0.0,50.0,125.0,2.5,0.9162907318741551,-7.224510730771607,-7.1848975353954785,0,1,1,1,0.0007285088888888,0.0007579466666666,0.0026384666666666,0.0019226066666666,-5.937557338639097,-6.254073374811991,1.2869533921325105,0.930824160583487,0.25227771360898055,-0.07168489109726764,2,2,2,2,1,1,2.208670285714269,1.503362499999906
8,low_to_mid,6,1.0,0.0,0.0,0.0872,0.0,18.0,50.0,2.7777777777777777,1.0216512475319812,-8.35682379272799,-8.347735970957446,0,0,0,0,0.0002347888888888,0.0002369323333333,0.0007588422222222,0.00072558,-7.1837166780379045,-7.228539222939035,1.173107114690086,1.1191967480184108,0.15965588237355027,0.11261123873447239,0,1,1,0,1,1,1.457846875,0.59233083333325
8,mid_to_high,6,1.0,0.0,0.0,0.0872,0.0,50.0,125.0,2.5,0.9162907318741551,-7.1837166780379045,-7.228539222939035,0,1,1,1,0.0007588422222222,0.00072558,0.0027295333333333,0.0019506933333333,-5.903624624568157,-6.239570414045841,1.2800920534697473,0.9889688088931944,0.24693199211887873,-0.01109248588184042,2,2,2,2,1,1,2.215892571428563,1.457846875
9,low_to_mid,6,1.0,0.0,0.0,0.1126,0.0,18.0,50.0,2.7777777777777777,1.0216512475319812,-8.551895063263032,-8.235866270227664,0,0,0,0,0.0001931786666666,0.0002649773333333,0.0007070066666666,0.0007603833333333,-7.254470462597873,-7.181687865878873,1.2974246006651597,1.0541784043487914,0.2603812231286584,0.052761699883658496,0,1,1,0,1,1,1.5067890624999531,0.6624433333332499
9,mid_to_high,6,1.0,0.0,0.0,0.1126,0.0,50.0,125.0,2.5,0.9162907318741551,-7.254470462597873,-7.181687865878873,0,1,1,1,0.0007070066666666,0.0007603833333333,0.0024420444444444,0.00204146,-6.014919703441061,-6.194090040832796,1.2395507591568127,0.9875978250460767,0.21474902297113468,-0.012479723775509308,1,2,2,1,1,1,2.2392325714285715,1.5067890624999531
10,low_to_mid,6,1.0,0.0,0.0766,0.0,0.0,18.0,50.0,2.7777777777777777,1.0216512475319812,-8.372198586518625,-8.330537982914853,0,0,0,0,0.0002312066666666,0.0002410423333333,0.0007783066666666,0.00070188,-7.158389938358372,-7.261748108721339,1.2138086481602537,1.0687898741935142,0.19376305925850829,0.06652704975977643,0,1,1,0,1,1,1.4245187499999998,0.6026058333332499
10,mid_to_high,6,1.0,0.0,0.0766,0.0,0.0,50.0,125.0,2.5,0.9162907318741551,-7.158389938358372,-7.261748108721339,0,1,1,1,0.0007783066666666,0.00070188,0.0026859555555555,0.0019378466666666,-5.919718727721079,-6.246177888010744,1.2386712106372921,1.015570220710595,0.2140392007137495,0.015450248550231789,2,2,2,2,1,1,2.2125891428571256,1.4245187499999998
11,low_to_mid,6,1.0,0.0,0.1357,0.0,0.0,18.0,50.0,2.7777777777777777,1.0216512475319812,-8.435259964209425,-8.328434066963858,0,0,0,0,0.0002170766666666,0.00024155,0.0007173066666666,0.0006974166666666,-7.2400071007629885,-7.268127525719496,1.1952528634464377,1.0603065412443626,0.1783577642095036,0.05855805616982246,0,1,1,0,1,1,1.4182421874999063,0.6038749999999999
11,mid_to_high,6,1.0,0.0,0.1357,0.0,0.0,50.0,125.0,2.5,0.9162907318741551,-7.2400071007629885,-7.268127525719496,0,1,1,1,0.0007173066666666,0.0006974166666666,0.0026406444444444,0.0019224666666666,-5.936732283869269,-6.254146195269717,1.3032748168937194,1.0139813304497782,0.26488018679724024,0.013884493214263851,2,2,2,2,1,1,2.2086342857142687,1.4182421874999063
12,low_to_mid,6,1.0,0.0,0.2221,0.0,0.0,18.0,50.0,2.7777777777777777,1.0216512475319812,-8.508957200491523,-8.296865601201512,0,0,0,0,0.000201654,0.000249297,0.0006736711111111,0.0007196966666666,-7.302768531856513,-7.23668073102078,1.2061886686350105,1.0601848701807317,0.18746552772351177,0.05844329874792591,0,1,1,0,1,1,1.449573437499906,0.6232424999999999
12,mid_to_high,6,1.0,0.0,0.2221,0.0,0.0,50.0,125.0,2.5,0.9162907318741551,-7.302768531856513,-7.23668073102078,0,1,1,1,0.0006736711111111,0.0007196966666666,0.0026182222222222,0.00185453,-5.945259732658924,-6.2901239842983925,1.3575087991975887,0.9465567467223873,0.3056512547184551,-0.05492435585378331,2,2,2,2,1,1,2.1911648571428572,1.449573437499906
13,low_to_mid,6,1.0,0.0709,0.0789,0.0,0.0,18.0,50.0,2.7777777777777777,1.0216512475319812,-8.414485190567687,-8.280763624710454,0,0,0,0,0.0002216335555555,0.0002533436666666,0.0007000555555555,0.0007069766666666,-7.264350860990825,-7.254512895912747,1.1501343295768616,1.0262507287977074,0.1398787438813029,0.02591209194035829,0,1,1,0,1,1,1.431685937499906,0.6333591666665
13,mid_to_high,6,1.0,0.0709,0.0789,0.0,0.0,50.0,125.0,2.5,0.9162907318741551,-7.264350860990825,-7.254512895912747,0,1,1,1,0.0007000555555555,0.0007069766666666,0.0026654,0.00188048,-5.927401138818648,-6.27622821557973,1.3369497221721773,0.9782846803330164,0.2903906924554874,-0.021954567119013373,2,2,2,2,1,1,2.1978377142857144,1.431685937499906
14,low_to_mid,6,1.0,0.0728,0.0,0.0,0.0,18.0,50.0,2.7777777777777777,1.0216512475319812,-8.387667031259973,-8.275237045210158,0,0,0,0,0.0002276577777777,0.0002547476666666,0.0006972044444444,0.0007144533333333,-7.268431869633621,-7.2439928764666455,1.119235161626352,1.0312441687435125,0.11264556062541708,0.03076600409902124,0,1,1,0,1,1,1.442199999999953,0.6368691666665
14,mid_to_high,6,1.0,0.0728,0.0,0.0,0.0,50.0,125.0,2.5,0.9162907318741551,-7.268431869633621,-7.2439928764666455,0,1,1,1,0.0006972044444444,0.0007144533333333,0.0026363111111111,0.0019316233333333,-5.938374645364158,-6.249394524242186,1.3300572242694622,0.9945983522244596,0.2852219670745936,-0.005416289424709593,2,2,2,2,1,1,2.2109888571428487,1.442199999999953
15,low_to_mid,6,1.0,0.1122,0.0,0.0,0.0,18.0,50.0,2.7777777777777777,1.0216512475319812,-8.401417106611106,-8.244623487739776,0,0,0,0,0.0002245488888888,0.000262667,0.0007222666666666,0.0007111033333333,-7.233116142848732,-7.248692803512592,1.1683009637623738,0.9959306842271849,0.1555505256677621,-0.004077617968736755,0,1,1,0,1,1,1.437489062499953,0.6566675
15,mid_to_high,6,1.0,0.1122,0.0,0.0,0.0,50.0,125.0,2.5,0.9162907318741551,-7.233116142848732,-7.248692803512592,0,1,1,1,0.0007222666666666,0.0007111033333333,0.0027129111111111,0.0020763,-5.909733009899928,-6.177167815448347,1.3233831329488037,1.0715249880642452,0.2801914372741623,0.0690828562981591,2,2,2,2,1,1,2.2481914285714284,1.437489062499953
16,low_to_mid,6,1.0,0.1343,0.1509,0.0,0.0,18.0,50.0,2.7777777777777777,1.0216512475319812,-8.48178207600179,-8.276625001379646,0,0,0,0,0.0002072091111111,0.0002543943333333,0.0007033577777777,0.00069126,-7.259644865632047,-7.276994538686257,1.2221372103697445,0.9996304626933881,0.20060113789105222,-0.0003696056023481556,0,1,1,0,1,1,1.409584375,0.63598583333325
16,mid_to_high,6,1.0,0.1343,0.1509,0.0,0.0,50.0,125.0,2.5,0.9162907318741551,-7.259644865632047,-7.276994538686257,0,1,1,1,0.0007033577777777,0.00069126,0.0027192444444444,0.0020398966666666,-5.907401215039418,-6.194856126003753,1.3522436505926285,1.0821384126825044,0.3017651763193877,0.0789390952396103,2,2,2,2,1,1,2.2388305714285544,1.409584375
17,low_to_mid,6,1.0,0.1838,0.0,0.0,0.0,18.0,50.0,2.7777777777777777,1.0216512475319812,-8.3581213072701,-8.248495181376303,0,0,0,0,0.0002344844444444,0.000261652,0.0007863511111111,0.0007376666666666,-7.148107159030382,-7.212018506581424,1.2100141482397186,1.0364766747948784,0.190632052300388,0.03582714882463922,0,1,1,0,1,1,1.474843749999906,0.65413
17,mid_to_high,6,1.0,0.1838,0.0,0.0,0.0,50.0,125.0,2.5,0.9162907318741551,-7.148107159030382,-7.212018506581424,0,1,1,1,0.0007863511111111,0.0007376666666666,0.0027404888888888,0.00202651,-5.899618947896539,-6.201440177291753,1.2484882111338425,1.0105783292896722,0.22193338826927625,0.010522770235578027,2,2,2,2,1,1,2.2353882857142855,1.474843749999906
18,low_to_mid,6,1.0,0.2592,0.3085,0.0,0.0,18.0,50.0,2.7777777777777777,1.0216512475319812,-8.41110294207901,-8.311529527049363,0,0,0,0,0.0002223844444444,0.000245668,0.0007112955555555,0.0006980066666666,-7.248422524584688,-7.2672819041492325,1.1626804174943213,1.0442476229001307,0.1507280442820122,0.04329664802208102,0,1,1,0,1,1,1.4190718749999063,0.61417
18,mid_to_high,6,1.0,0.2592,0.3085,0.0,0.0,50.0,125.0,2.5,0.9162907318741551,-7.248422524584688,-7.2672819041492325,0,1,1,1,0.0007112955555555,0.0006980066666666,0.0026311777777777,0.0018549766666666,-5.940323708785741,-6.2898831616182385,1.3080988157989475,0.977398742530994,0.26857479742835916,-0.02286058069183141,2,2,2,2,1,1,2.191279714285697,1.4190718749999063
19,low_to_mid,6,2.5,0.0,0.0,0.0,0.0,18.0,50.0,2.7777777777777777,1.0216512475319812,-7.72330113087523,-8.663954572811642,0,0,0,0,0.0004423977777777,0.0001727,0.0013979644444444,0.0004421233333333,-6.572738068652459,-7.723921680118791,1.1505630622227705,0.9400328926928502,0.14025144187487631,-0.06184041210386479,1,1,1,1,1,1,1.1183715555555198,0.43174999999999997
19,mid_to_high,6,2.5,0.0,0.0,0.0,0.0,50.0,125.0,2.5,0.9162907318741551,-6.572738068652459,-7.723921680118791,1,1,1,1,0.0013979644444444,0.0004421233333333,0.0045988222222222,0.00116339,-5.381955046917926,-6.7564171220205145,1.190783021734533,0.9675045580982764,0.1746110921929869,-0.03303514287660912,2,2,2,1,1,1,2.503717333333328,1.1183715555555198
20,low_to_mid,6,2.5,0.0,0.0,0.0,0.0727,18.0,50.0,2.7777777777777777,1.0216512475319812,-7.71020158555018,-8.630724030488457,0,0,0,0,0.0004482311111111,0.0001785353333333,0.0014276688888888,0.00045301,-6.551712312476921,-7.699596357669703,1.1584892730732592,0.9311276728187534,0.14711680552352377,-0.07135887596356782,1,1,1,1,1,1,1.14213511111104,0.44633833333324996
20,mid_to_high,6,2.5,0.0,0.0,0.0,0.0727,50.0,125.0,2.5,0.9162907318741551,-6.551712312476921,-7.699596357669703,1,1,1,1,0.0014276688888888,0.00045301,0.0047317555555555,0.0011635066666666,-5.353458991944281,-6.756316845400268,1.1982533205326402,0.9432795122694345,0.18086493020556052,-0.0583926327719538,2,2,2,1,1,1,2.53562133333332,1.14213511111104
21,low_to_mid,6,2.5,0.0,0.0,0.0,0.1468,18.0,50.0,2.7777777777777777,1.0216512475319812,-7.715729867372834,-8.655008030627673,0,0,0,0,0.00044576,0.000174252,0.0014249911111111,0.0004412566666666,-6.55358970309775,-7.72588384123804,1.1621401642750828,0.9291241893896334,0.15026327445572965,-0.0735128683819589,1,1,1,1,1,1,1.13999288888888,0.43563
21,mid_to_high,6,2.5,0.0,0.0,0.0,0.1468,50.0,125.0,2.5,0.9162907318741551,-6.55358970309775,-7.72588384123804,1,1,1,1,0.0014249911111111,0.0004412566666666,0.0047319333333333,0.0011673733333333,-5.353421421440874,-6.752999068240048,1.2001682816568762,0.972884772997992,0.18246178167604976,-0.02748962827135765,2,2,2,1,1,1,2.5356639999999917,1.13999288888888
22,low_to_mid,6,2.5,0.0,0.0,0.0,0.2146,18.0,50.0,2.7777777777777777,1.0216512475319812,-7.722628257681363,-8.682769731822095,0,0,0,0,0.0004426955555555,0.000169481,0.0013978444444444,0.0004533633333333,-6.572823911429875,-7.698816693621337,1.1498043462514875,0.9839530382007583,0.13959179420642132,-0.016177108474510475,1,1,1,1,1,1,1.11827555555552,0.4237025
22,mid_to_high,6,2.5,0.0,0.0,0.0,0.2146,50.0,125.0,2.5,0.9162907318741551,-6.572823911429875,-7.698816693621337,1,1,1,1,0.0013978444444444,0.0004533633333333,0.0046735333333333,0.0011922033333333,-5.3658398909538265,-6.731952143230922,1.2069840204760487,0.9668645503904152,0.18812470298554437,-0.03369686532493228,2,2,2,1,1,1,2.521647999999992,1.11827555555552
23,low_to_mid,6,2.5,0.0,0.0,0.0257,0.1235,18.0,50.0,2.7777777777777777,1.0216512475319812,-7.699790142096223,-8.69559245048722,0,0,0,0,0.0004529222222222,0.0001673216666666,0.00142732,0.0004471766666666,-6.551956718955626,-7.71255681399044,1.147833423140597,0.983035636496781,0.13787618557518597,-0.01710990669780329,1,1,1,1,1,1,1.141856,0.41830416666649994
23,mid_to_high,6,2.5,0.0,0.0,0.0257,0.1235,50.0,125.0,2.5,0.9162907318741551,-6.551956718955626,-7.71255681399044,1,1,1,1,0.00142732,0.0004471766666666,0.0046718,0.0011976066666666,-5.366210842591687,-6.727430158185472,1.1857458763639388,0.9851266558049682,0.17037200810890296,-0.014985061502764106,2,2,2,1,1,1,2.521232,1.141856
24,low_to_mid,6,2.5,0.0,0.0,0.0342,0.086,18.0,50.0,2.7777777777777777,1.0216512475319812,-7.696884865239613,-8.690370682896203,0,0,0,0,0.00045424,0.0001681976666666,0.0014160755555555,0.0004530933333333,-6.5598659266909705,-7.699412419854954,1.1370189385486427,0.9909582630412487,0.12840987122479172,-0.009082861541829119,1,1,1,1,1,1,1.1328604444444,0.42049416666649997
24,mid_to_high,6,2.5,0.0,0.0,0.0342,0.086,50.0,125.0,2.5,0.9162907318741551,-6.5598659266909705,-7.699412419854954,1,1,1,1,0.0014160755555555,0.0004530933333333,0.0046907777777777,0.0011388966666666,-5.36215687279421,-6.777695321489024,1.1977090538967605,0.9217170983659299,0.18041061034557443,-0.08151693725306557,2,2,2,1,1,1,2.5257866666666478,1.1328604444444
25,low_to_mid,6,2.5,0.0,0.0,0.048,0.2011,18.0,50.0,2.7777777777777777,1.0216512475319812,-7.753805029693636,-8.67842275642354,0,0,0,0,0.0004291066666666,0.0001702193333333,0.0013626,0.00046916,-6.5983606396247065,-7.6645666963109695,1.1554443900689297,1.01385606011257,0.14448502328161633,0.013760942541068166,1,1,1,1,1,1,1.09725625,0.42554833333325
25,mid_to_high,6,2.5,0.0,0.0,0.048,0.2011,50.0,125.0,2.5,0.9162907318741551,-6.5983606396247065,-7.6645666963109695,1,1,1,1,0.0013626,0.00046916,0.004627,0.0012996833333333,-5.375846569057274,-6.645634633931062,1.2225140705674318,1.018932062379908,0.2009094519672652,0.018755081144490777,2,2,2,1,1,1,2.51048,1.09725625
26,low_to_mid,6,2.5,0.0,0.0,0.0682,0.0,18.0,50.0,2.7777777777777777,1.0216512475319812,-7.729342075387071,-8.579636132039633,0,0,0,0,0.0004397333333333,0.0001878933333333,0.0014161355555555,0.0004891066666666,-6.5598235569680545,-7.622929960034245,1.1695185184190162,0.9567061720053889,0.1565921413921634,-0.04425896497003373,1,1,1,1,1,1,1.1329084444444,0.46973333333324996
26,mid_to_high,6,2.5,0.0,0.0,0.0682,0.0,50.0,125.0,2.5,0.9162907318741551,-6.5598235569680545,-7.622929960034245,1,1,1,1,0.0014161355555555,0.0004891066666666,0.0046614222222222,0.0012742233333333,-5.368434679506229,-6.665418436306011,1.1913888774618255,0.9575115237282344,0.1751197504812992,-0.04341752277444861,2,2,2,1,1,1,2.518741333333328,1.1329084444444
27,low_to_mid,6,2.5,0.0,0.0,0.0872,0.0,18.0,50.0,2.7777777777777777,1.0216512475319812,-7.709076806856995,-8.672578800121038,0,0,0,0,0.0004487355555555,0.000171217,0.0014133066666666,0.00044752,-6.561823166508957,-7.7117893285106245,1.1472536403480373,0.9607894716104133,0.1373709473956707,-0.03999996621727071,1,1,1,1,1,1,1.13064533333328,0.4280425
27,mid_to_high,6,2.5,0.0,0.0,0.0872,0.0,50.0,125.0,2.5,0.9162907318741551,-6.561823166508957,-7.7117893285106245,1,1,1,1,0.0014133066666666,0.00044752,0.0047083777777777,0.0011376766666666,-5.358411851134287,-6.778767107843476,1.2034113153746702,0.9330222206671487,0.18516028659742675,-0.0693262620548949,2,2,2,1,1,1,2.530010666666648,1.13064533333328
28,low_to_mid,6,2.5,0.0,0.0,0.1125,0.0,18.0,50.0,2.7777777777777777,1.0216512475319812,-7.735948649687105,-8.58249111193601,0,0,0,0,0.0004368377777777,0.0001873576666666,0.0013652555555555,0.00050322,-6.596413647681547,-7.594483107739899,1.1395350020055581,0.9880080041961117,0.1306202862178547,-0.012064479854017008,1,1,1,1,1,1,1.145153125,0.46839416666649997
28,mid_to_high,6,2.5,0.0,0.0,0.1125,0.0,50.0,125.0,2.5,0.9162907318741551,-6.596413647681547,-7.594483107739899,1,1,1,1,0.0013652555555555,0.00050322,0.0045517777777777,0.0013156833333333,-5.3922374019399095,-6.6333991032008,1.204176245741637,0.9610840045390997,0.1857957196799523,-0.03969346015987679,2,2,2,1,1,1,2.4924266666666477,1.145153125
29,low_to_mid,6,2.5,0.0,0.0542,0.0,0.0,18.0,50.0,2.7777777777777777,1.0216512475319812,-7.727332775391194,-8.675128524015367,0,0,0,0,0.0004406177777777,0.000170781,0.0014113377777777,0.0004409933333333,-6.5632172458322104,-7.726480799789743,1.1641155295589825,0.9486477242256229,0.15196159658251104,-0.052717756635897665,1,1,1,1,1,1,1.12907022222216,0.4269525
29,mid_to_high,6,2.5,0.0,0.0542,0.0,0.0,50.0,125.0,2.5,0.9162907318741551,-6.5632172458322104,-7.726480799789743,1,1,1,1,0.0014113377777777,0.0004409933333333,0.0046155777777777,0.0011562633333333,-5.378318223245502,-6.762561737672624,1.1848990225867082,0.9639190621171193,0.16965755794926266,-0.03674794835588792,2,2,2,1,1,1,2.507738666666648,1.12907022222216
30,low_to_mid,6,2.5,0.0,0.0969,0.0,0.0,18.0,50.0,2.7777777777777777,1.0216512475319812,-7.732627231121387,-8.69272385858506,0,0,0,0,0.0004382911111111,0.0001678023333333,0.0013954111111111,0.0004475066666666,-6.57456620381985,-7.711819122781337,1.158061027301537,0.9809047358037215,0.1467470783679932,-0.019279933404639786,1,1,1,1,1,1,1.11632888888888,0.41950583333325
30,mid_to_high,6,2.5,0.0,0.0969,0.0,0.0,50.0,125.0,2.5,0.9162907318741551,-6.57456620381985,-7.711819122781337,1,1,1,1,0.0013954111111111,0.0004475066666666,0.004616,0.0011696633333333,-5.3782267497763385,-6.75103932086802,1.1963394540435108,0.9607798019133176,0.17926643970899614,-0.040010030592496755,2,2,2,1,1,1,2.50784,1.11632888888888
31,low_to_mid,6,2.5,0.0,0.1646,0.0,0.0,18.0,50.0,2.7777777777777777,1.0216512475319812,-7.743536745371241,-8.625885176186037,0,0,0,0,0.0004335355555555,0.0001794013333333,0.0013618844444444,0.0004458166666666,-6.598885917405985,-7.71560275173871,1.1446508279652565,0.9102824244473273,0.1350996367562211,-0.09400037108634406,1,1,1,1,1,1,1.08950755555552,0.44850333333325
31,mid_to_high,6,2.5,0.0,0.1646,0.0,0.0,50.0,125.0,2.5,0.9162907318741551,-6.598885917405985,-7.71560275173871,1,1,1,1,0.0013618844444444,0.0004458166666666,0.0044244222222222,0.00120019,-5.420615580296633,-6.725275401388248,1.1782703371093526,0.9903273503504619,0.164047547109283,-0.00971973358879449,2,2,2,1,1,1,2.461861333333328,1.08950755555552
32,low_to_mid,6,2.5,0.0407,0.072,0.0,0.0,18.0,50.0,2.7777777777777777,1.0216512475319812,-7.730707470425867,-8.6326321016826,0,0,0,0,0.0004391333333333,0.000178195,0.0014002444444444,0.0004943733333333,-6.571108454427713,-7.612219590708114,1.1595990159981544,1.0204125109744857,0.14807426949493988,0.02020696806343845,1,1,1,1,1,1,1.1327124999999532,0.4454875
32,mid_to_high,6,2.5,0.0407,0.072,0.0,0.0,50.0,125.0,2.5,0.9162907318741551,-6.571108454427713,-7.612219590708114,1,1,1,1,0.0014002444444444,0.0004943733333333,0.0046186,0.00134099,-5.37766365011448,-6.614347131831951,1.193444804313233,0.9978724588761634,0.17684391881759293,-0.0021298075546405024,2,2,2,1,1,1,2.508464,1.1327124999999532
33,low_to_mid,6,2.5,0.0413,0.0,0.0,0.0,18.0,50.0,2.7777777777777777,1.0216512475319812,-7.728463140962562,-8.624551998626039,0,0,0,0,0.00044012,0.0001796406666666,0.0014001044444444,0.0004875533333333,-6.5712084419690315,-7.62611087180097,1.157254698993531,0.998441126825069,0.1460505614036356,-0.0015600894819286458,1,1,1,1,1,1,1.123121874999953,0.4491016666665
33,mid_to_high,6,2.5,0.0413,0.0,0.0,0.0,50.0,125.0,2.5,0.9162907318741551,-6.5712084419690315,-7.62611087180097,1,1,1,1,0.0014001044444444,0.0004875533333333,0.0046273111111111,0.00133859,-5.375779333126371,-6.616138457817195,1.195429108842661,1.0099724139837747,0.178505207824828,0.009923017592812586,2,2,2,1,1,1,2.510554666666664,1.123121874999953
34,low_to_mid,6,2.5,0.0805,0.1123,0.0,0.0,18.0,50.0,2.7777777777777777,1.0216512475319812,-7.738439323685352,-8.570653744895138,0,0,0,0,0.0004357511111111,0.0001895886666666,0.0014122533333333,0.0005680033333333,-6.562568741461954,-7.4733832707158,1.1758705822233986,1.0972704741793367,0.1620087942908223,0.09282570895127323,1,1,1,1,1,1,1.236254687499953,0.4739716666665
34,mid_to_high,6,2.5,0.0805,0.1123,0.0,0.0,50.0,125.0,2.5,0.9162907318741551,-6.562568741461954,-7.4733832707158,1,1,1,1,0.0014122533333333,0.0005680033333333,0.0045829111111111,0.0014952433333333,-5.38542086899321,-6.505466320612798,1.177147872468744,0.967916950103003,0.1630944554493704,-0.03260899073432878,2,2,2,1,1,1,2.499898666666664,1.236254687499953
35,low_to_mid,6,2.5,0.0832,0.0,0.0,0.0,18.0,50.0,2.7777777777777777,1.0216512475319812,-7.719696005592285,-8.544072902297076,0,0,0,0,0.0004439955555555,0.0001946956666666,0.0014029466666666,0.00059011,-6.569180492364398,-7.435201597764446,1.1505155132278868,1.1088713045326295,0.1402101143031908,0.10334265522551432,1,1,1,1,1,1,1.2673421875,0.4867391666665
35,mid_to_high,6,2.5,0.0832,0.0,0.0,0.0,50.0,125.0,2.5,0.9162907318741551,-6.569180492364398,-7.435201597764446,1,1,1,1,0.0014029466666666,0.00059011,0.0046252666666666,0.0015189166666666,-5.376221252022244,-6.489757917527385,1.1929592403421538,0.945443680237061,0.17643697685077256,-0.05610095877403242,2,2,2,1,1,1,2.510063999999984,1.2673421875
36,low_to_mid,6,2.5,0.1346,0.0,0.0,0.0,18.0,50.0,2.7777777777777777,1.0216512475319812,-7.734017430945501,-8.546127788514355,0,0,0,0,0.0004376822222222,0.000194296,0.0013701444444444,0.0005729433333333,-6.592839110798844,-7.464723740846221,1.141178320146656,1.0814040476681326,0.13206134275882273,0.0782602409476034,1,1,1,1,1,1,1.243201562499953,0.48573999999999995
36,mid_to_high,6,2.5,0.1346,0.0,0.0,0.0,50.0,125.0,2.5,0.9162907318741551,-6.592839110798844,-7.464723740846221,1,1,1,1,0.0013701444444444,0.0005729433333333,0.0046400888888888,0.0014828566666666,-5.373021755839364,-6.513784871430183,1.2198173549594804,0.9509388694160379,0.1987011384880406,-0.0503054988224387,2,2,2,1,1,1,2.5136213333333117,1.243201562499953
37,low_to_mid,6,2.5,0.1583,0.2536,0.0,0.0,18.0,50.0,2.7777777777777777,1.0216512475319812,-7.771348147781877,-8.570912232567858,0,0,0,0,0.0004216444444444,0.0001895396666666,0.0013448866666666,0.0005301666666666,-6.611445532180048,-7.542319135443311,1.159902615601829,1.0285930971245465,0.14833604952671248,0.02819194339366224,1,1,1,1,1,1,1.1830468749999061,0.4738491666665
37,mid_to_high,6,2.5,0.1583,0.2536,0.0,0.0,50.0,125.0,2.5,0.9162907318741551,-6.611445532180048,-7.542319135443311,1,1,1,1,0.0013448866666666,0.0005301666666666,0.0044465777777777,0.00148728,-5.415620517367587,-6.510806330642312,1.1958250148124612,1.0315128048009983,0.1788363361390471,0.031026467219446748,2,2,2,1,1,1,2.4671786666666478,1.1830468749999061
38,low_to_mid,7,1.0,0.0,0.0,0.0,0.0,35.0,100.0,2.857142857142857,1.0498221244986776,-7.4392674761652415,-7.696165973768742,0,1,1,0,0.0005877155555555,0.0004545666666666,0.0020847088888888,0.0016416533333333,-6.173126055115447,-6.412051414886609,1.2661414210497943,1.2841145588821339,0.23597402447358207,0.2500694216010624,1,2,2,1,1,1,2.136425142857134,1.0767343749999063
38,mid_to_high,7,1.0,0.0,0.0,0.0,0.0,100.0,220.0,2.2,0.7884573603642703,-6.173126055115447,-6.412051414886609,1,2,2,1,0.0020847088888888,0.0016416533333333,0.0064446666666666,0.0035906,-5.044502363607843,-5.629435959527545,1.128623691507604,0.7826154553590627,0.12099891827622543,-0.24511382066704032,2,2,2,1,0,0,2.946719999999984,2.136425142857134
39,low_to_mid,7,1.0,0.0,0.0,0.0,0.0744,35.0,100.0,2.857142857142857,1.0498221244986776,-7.491498131127355,-7.665625886662671,0,1,1,0,0.0005578066666666,0.0004686633333333,0.0020976955555555,0.0014826533333333,-6.1669158912844235,-6.513922003548179,1.3245822398429319,1.1517038831144923,0.28109711903904794,0.14124248332417916,1,2,2,1,1,1,2.09553942857142,1.096557812499953
39,mid_to_high,7,1.0,0.0,0.0,0.0,0.0744,100.0,220.0,2.2,0.7884573603642703,-6.1669158912844235,-6.513922003548179,1,2,2,1,0.0020976955555555,0.0014826533333333,0.0067426222222222,0.00305597,-4.999306375977539,-5.790658224479975,1.1676095153068844,0.7232637790682044,0.15495850942237926,-0.32398128370943985,3,2,3,2,0,1,3.02278666666666,2.09553942857142
40,low_to_mid,7,1.0,0.0,0.0,0.0,0.1475,35.0,100.0,2.857142857142857,1.0498221244986776,-7.515985496529275,-7.6749437672514045,0,1,1,0,0.0005443133333333,0.0004643166666666,0.00212344,0.0014676466666666,-6.154717863849127,-6.524095068041976,1.3612676326801476,1.1508486992094291,0.3084163484815238,0.14049966950012102,1,2,2,1,1,1,2.0916805714285545,1.0904453124999063
40,mid_to_high,7,1.0,0.0,0.0,0.0,0.1475,100.0,220.0,2.2,0.7884573603642703,-6.154717863849127,-6.524095068041976,1,2,2,1,0.00212344,0.0014676466666666,0.0067039777777777,0.0030437933333333,-5.005054230578478,-5.794650734410634,1.1496636332706487,0.7294443336313409,0.13946940678266276,-0.3154722214958556,3,2,3,2,0,1,3.01119333333331,2.0916805714285545
41,low_to_mid,7,1.0,0.0,0.0,0.0,0.2159,35.0,100.0,2.857142857142857,1.0498221244986776,-7.552192721887347,-7.7364320376865905,0,1,1,0,0.0005249577777777,0.0004366266666666,0.0019722755555555,0.00154612,-6.228567298509073,-6.472006712165509,1.3236254233782734,1.2644253255210816,0.28037450463113567,0.2346177308337435,1,2,2,1,1,1,2.1118594285714285,1.0515062499999062
41,mid_to_high,7,1.0,0.0,0.0,0.0,0.2159,100.0,220.0,2.2,0.7884573603642703,-6.228567298509073,-6.472006712165509,1,2,2,1,0.0019722755555555,0.00154612,0.0064818888888888,0.0031533566666666,-5.038743315895536,-5.75928778503669,1.1898239826135377,0.7127189271288182,0.17380538241298113,-0.3386681478901961,2,2,2,1,0,0,2.955653333333312,2.1118594285714285
42,low_to_mid,7,1.0,0.0,0.0,0.0233,0.1249,35.0,100.0,2.857142857142857,1.0498221244986776,-7.527664389453058,-7.734365283088946,0,1,1,0,0.0005379933333333,0.00043753,0.0021641911111111,0.00146331,-6.135708608075203,-6.527054286020591,1.3919557813778545,1.2073109970683553,0.3307097951561285,0.18839557012641134,1,2,2,1,1,1,2.090565428571429,1.0527765625
42,mid_to_high,7,1.0,0.0,0.0,0.0233,0.1249,100.0,220.0,2.2,0.7884573603642703,-6.135708608075203,-6.527054286020591,1,2,2,1,0.0021641911111111,0.00146331,0.0067198,0.0030876266666666,-5.002696886794735,-5.780352552228566,1.1330117212804678,0.746701733792025,0.12487932734140134,-0.2920894590039441,3,2,3,2,0,1,3.0159399999999996,2.090565428571429
43,low_to_mid,7,1.0,0.0,0.0,0.0339,0.0879,35.0,100.0,2.857142857142857,1.0498221244986776,-7.535168819510369,-7.723281038550974,0,1,1,0,0.0005339711111111,0.0004424066666666,0.0021652511111111,0.0014407466666666,-6.135218937597219,-6.542593781260031,1.3999498819131502,1.1806872572909433,0.3364364373469624,0.1660966903690399,1,2,2,1,1,1,2.0847634285714114,1.0596343749999062
43,mid_to_high,7,1.0,0.0,0.0,0.0339,0.0879,100.0,220.0,2.2,0.7884573603642703,-6.135218937597219,-6.542593781260031,1,2,2,1,0.0021652511111111,0.0014407466666666,0.0067192444444444,0.0030845566666666,-5.00277956463068,-5.781347338056327,1.132439372966539,0.7612464432037033,0.12437404313768617,-0.27279813227935173,3,2,3,2,0,1,3.01577333333332,2.0847634285714114
44,low_to_mid,7,1.0,0.0,0.0,0.0509,0.2034,35.0,100.0,2.857142857142857,1.0498221244986776,-7.547509149509551,-7.693800218242309,0,1,1,0,0.0005274222222222,0.0004556433333333,0.0021006711111111,0.0015416833333333,-6.165498408586951,-6.474880385933505,1.3820107409226003,1.2189198323088037,0.3235394973287352,0.19796508320837886,1,2,2,1,1,1,2.110718571428563,1.078248437499953
44,mid_to_high,7,1.0,0.0,0.0,0.0509,0.2034,100.0,220.0,2.2,0.7884573603642703,-6.165498408586951,-6.474880385933505,1,2,2,1,0.0021006711111111,0.0015416833333333,0.0066431111111111,0.0035385,-5.01417488439479,-5.644052370448435,1.1513235241921613,0.8308280154850707,0.14091217121014823,-0.1853324664545119,2,2,2,1,0,0,2.9943466666666634,2.110718571428563
45,low_to_mid,7,1.0,0.0,0.0,0.0685,0.0,35.0,100.0,2.857142857142857,1.0498221244986776,-7.571002830814697,-7.618855997458298,0,1,1,0,0.0005151755555555,0.0004911033333333,0.0020999333333333,0.0014210766666666,-6.165849680788438,-6.556340478707082,1.4051531500262597,1.062515518751217,0.34014630042265986,0.06063922759326829,1,2,2,1,1,1,2.0797054285714114,1.128114062499953
45,mid_to_high,7,1.0,0.0,0.0,0.0685,0.0,100.0,220.0,2.2,0.7884573603642703,-6.165849680788438,-6.556340478707082,1,2,2,1,0.0020999333333333,0.0014210766666666,0.0066258222222222,0.0031069166666666,-5.016780805796066,-5.77412447008747,1.1490688749923714,0.7822160086196113,0.13895194049251292,-0.24562435072388347,2,2,2,1,0,0,2.990197333333328,2.0797054285714114
46,low_to_mid,7,1.0,0.0,0.0,0.0896,0.0,35.0,100.0,2.857142857142857,1.0498221244986776,-7.539527269799204,-7.717368862340035,0,1,1,0,0.0005316488888888,0.00044503,0.0021363933333333,0.0014316233333333,-6.148636230017804,-6.548946280425331,1.3908910397813998,1.1684225819147045,0.3299445775808638,0.15565461855685503,1,2,2,1,1,1,2.08241742857142,1.0633234375
46,mid_to_high,7,1.0,0.0,0.0,0.0896,0.0,100.0,220.0,2.2,0.7884573603642703,-6.148636230017804,-6.548946280425331,1,2,2,1,0.0021363933333333,0.0014316233333333,0.0066461333333333,0.0029441466666666,-5.013720047058185,-5.827936260515868,1.1349161829596188,0.7210100199094631,0.12655880059382615,-0.32710224455455383,2,2,2,1,0,0,2.995071999999992,2.08241742857142
47,low_to_mid,7,1.0,0.0,0.0,0.1124,0.0,35.0,100.0,2.857142857142857,1.0498221244986776,-7.598913328065465,-7.59863170632154,0,1,1,0,0.0005009955555555,0.0005011366666666,0.0019181955555555,0.0015070166666666,-6.256370349660127,-6.497623299898868,1.342542978405338,1.1010084064226722,0.29456556059820377,0.09622649297267707,1,2,2,1,1,1,2.1018042857142687,1.142223437499906
47,mid_to_high,7,1.0,0.0,0.0,0.1124,0.0,100.0,220.0,2.2,0.7884573603642703,-6.256370349660127,-6.497623299898868,1,2,2,1,0.0019181955555555,0.0015070166666666,0.0062624,0.0033586,-5.073191780762517,-5.696231058503367,1.1831785688976098,0.8013922413955015,0.16820451941877892,-0.22140476214028193,2,2,2,1,0,0,2.902976,2.1018042857142687
48,low_to_mid,7,1.0,0.0,0.0766,0.0,0.0,35.0,100.0,2.857142857142857,1.0498221244986776,-7.522103602052685,-7.703718068076827,0,1,1,0,0.0005409933333333,0.0004511466666666,0.0021235577777777,0.0014534866666666,-6.1546623998324765,-6.533790011267411,1.3674412022202076,1.169928056809416,0.31294125784132687,0.15694225701260084,1,2,2,1,1,1,2.0880394285714114,1.0719249999999063
48,mid_to_high,7,1.0,0.0,0.0766,0.0,0.0,100.0,220.0,2.2,0.7884573603642703,-6.1546623998324765,-6.533790011267411,1,2,2,1,0.0021235577777777,0.0014534866666666,0.0066286444444444,0.0029249866666666,-5.016354953540246,-5.834465356713288,1.1383074462922316,0.6993246545541232,0.12954246291793173,-0.35764018884614357,2,2,2,1,0,0,2.990874666666656,2.0880394285714114
49,low_to_mid,7,1.0,0.0,0.1357,0.0,0.0,35.0,100.0,2.857142857142857,1.0498221244986776,-7.545324800610049,-7.732317996929914,0,1,1,0,0.0005285755555555,0.0004384266666666,0.0020586088888888,0.0014335266666666,-6.185724820952059,-6.547617670325837,1.3595999796579905,1.184700326604077,0.30719052387806334,0.1694898536635869,1,2,2,1,1,1,2.08290685714284,1.0540374999999063
49,mid_to_high,7,1.0,0.0,0.1357,0.0,0.0,100.0,220.0,2.2,0.7884573603642703,-6.185724820952059,-6.547617670325837,1,2,2,1,0.0020586088888888,0.0014335266666666,0.0065864444444444,0.0029223633333333,-5.02274161409131,-5.83536262932714,1.162983206860749,0.7122550409986976,0.1509884339316311,-0.3393192280599162,2,2,2,1,0,0,2.9807466666666556,2.08290685714284
50,low_to_mid,7,1.0,0.0709,0.0789,0.0,0.0,35.0,100.0,2.857142857142857,1.0498221244986776,-7.520798215300421,-7.702905654351023,0,1,1,0,0.0005417,0.0004515133333333,0.0021254066666666,0.00142783,-6.153792122366159,-6.551599469770522,1.3670060929342618,1.1513061845805006,0.3126230148893496,0.14089711050664475,1,2,2,1,1,1,2.081442,1.0724406249999532
50,mid_to_high,7,1.0,0.0709,0.0789,0.0,0.0,100.0,220.0,2.2,0.7884573603642703,-6.153792122366159,-6.551599469770522,1,2,2,1,0.0021254066666666,0.00142783,0.0066290444444444,0.0033167366666666,-5.016294611198005,-5.708773911174846,1.1374975111681538,0.8428255585956765,0.12883068385653415,-0.17099527169835158,2,2,2,1,0,0,2.990970666666656,2.081442
51,low_to_mid,7,1.0,0.0728,0.0,0.0,0.0,35.0,100.0,2.857142857142857,1.0498221244986776,-7.512753211654739,-7.704338901491692,0,1,1,0,0.0005460755555555,0.0004508666666666,0.0020638066666666,0.0014813133333333,-6.183203105000738,-6.514826197314165,1.3295501066540016,1.1895127041775273,0.2848406193352413,0.1735437309707835,1,2,2,1,1,1,2.0951948571428485,1.0715312499999061
51,mid_to_high,7,1.0,0.0728,0.0,0.0,0.0,100.0,220.0,2.2,0.7884573603642703,-6.183203105000738,-6.514826197314165,1,2,2,1,0.0020638066666666,0.0014813133333333,0.0066591555555555,0.0032744833333333,-5.0117625959289445,-5.721595183154728,1.1714405090717925,0.7932310141594373,0.158234195834012,-0.23164078305116392,2,2,2,1,0,0,2.99819733333332,2.0951948571428485
52,low_to_mid,7,1.0,0.1122,0.0,0.0,0.0,35.0,100.0,2.857142857142857,1.0498221244986776,-7.495190005821742,-7.695396305970664,0,1,1,0,0.0005557511111111,0.0004549166666666,0.0021018822222222,0.0015920666666666,-6.164922039390148,-6.4427223163898635,1.3302679664315935,1.2526739895807997,0.28538040045958635,0.22528045816621503,1,2,2,1,1,1,2.1236742857142685,1.0772265624999062
52,mid_to_high,7,1.0,0.1122,0.0,0.0,0.0,100.0,220.0,2.2,0.7884573603642703,-6.164922039390148,-6.4427223163898635,1,2,2,1,0.0021018822222222,0.0015920666666666,0.0067073777777777,0.0036384333333333,-5.00454719755579,-5.616202092913826,1.160374841834358,0.8265202234760372,0.14874309243232325,-0.1905308932048828,3,2,3,2,0,1,3.01221333333331,2.1236742857142685
53,low_to_mid,7,1.0,0.1343,0.1509,0.0,0.0,35.0,100.0,2.857142857142857,1.0498221244986776,-7.507772432322094,-7.729524020379537,0,1,1,0,0.0005488022222222,0.0004396533333333,0.0020683288888888,0.0015333566666666,-6.181014297800755,-6.48029604687972,1.326758134521339,1.2492279734998166,0.2827384738706965,0.22252573930752145,1,2,2,1,1,1,2.1085774285714116,1.055762499999953
53,mid_to_high,7,1.0,0.1343,0.1509,0.0,0.0,100.0,220.0,2.2,0.7884573603642703,-6.181014297800755,-6.48029604687972,1,2,2,1,0.0020683288888888,0.0015333566666666,0.0066064222222222,0.0036105333333333,-5.019713039096552,-5.623899779784039,1.161301258704203,0.8563962670956806,0.14954115114413025,-0.15502208110880333,2,2,2,1,0,0,2.9855413333333276,2.1085774285714116
54,low_to_mid,7,1.0,0.1837,0.0,0.0,0.0,35.0,100.0,2.857142857142857,1.0498221244986776,-7.458816649392303,-7.686257027979201,0,1,1,0,0.0005763377777777,0.0004590933333333,0.0021726177777777,0.0015617266666666,-6.131822489277997,-6.461963232207023,1.3269941601143065,1.2242937957721773,0.28291635452223046,0.2023641845133637,1,2,2,1,1,1,2.1158725714285542,1.083099999999953
54,mid_to_high,7,1.0,0.1837,0.0,0.0,0.0,100.0,220.0,2.2,0.7884573603642703,-6.131822489277997,-6.461963232207023,1,2,2,1,0.0021726177777777,0.0015617266666666,0.0068245777777777,0.0040042333333333,-4.987224803886649,-5.520403144168822,1.144597685391348,0.9415600880382021,0.13505320879210272,-0.06021711131952764,3,2,3,2,0,1,3.0473733333333097,2.1158725714285542
55,low_to_mid,7,1.0,0.2592,0.3085,0.0,0.0,35.0,100.0,2.857142857142857,1.0498221244986776,-7.558899296209947,-7.714123417318721,0,1,1,0,0.0005214488888888,0.0004464766666666,0.0020188066666666,0.00139477,-6.205248701211862,-6.575025751854082,1.3536505949980848,1.1390976654646379,0.30280508727269995,0.13023642746560057,1,2,2,1,1,1,2.072940857142857,1.0653578124999061
55,mid_to_high,7,1.0,0.2592,0.3085,0.0,0.0,100.0,220.0,2.2,0.7884573603642703,-6.205248701211862,-6.575025751854082,1,2,2,1,0.0020188066666666,0.00139477,0.0070800888888888,0.0039221,-4.950468816427525,-5.5411280543377215,1.2547798847843372,1.0338976975163605,0.2269601665909256,0.03333583261930881,3,2,3,2,0,1,3.12402666666664,2.072940857142857
56,low_to_mid,7,2.5,0.0,0.0,0.0,0.0,35.0,100.0,2.857142857142857,1.0498221244986776,-6.973230535015199,-8.158068749947594,0,0,0,0,0.0009366222222222,0.000286415,0.0033493333333333,0.0009237733333333,-5.698993957924414,-6.987043826661416,1.2742365770907855,1.1710249232861774,0.2423472362141465,0.15787936815183176,2,1,2,2,1,2,2.203839999999992,0.74929777777776
56,mid_to_high,7,2.5,0.0,0.0,0.0,0.0,100.0,220.0,2.2,0.7884573603642703,-5.698993957924414,-6.987043826661416,2,1,2,1,0.0033493333333333,0.0009237733333333,0.0086918444444444,0.0021520066666666,-4.745370113153481,-6.141354538793996,0.9536238447709331,0.84568928786742,-0.047485977980595805,-0.16760325886112806,3,2,3,1,1,1,3.6075533333333203,2.203839999999992
57,low_to_mid,7,2.5,0.0,0.0,0.0,0.0741,35.0,100.0,2.857142857142857,1.0498221244986776,-6.960450725516461,-8.137331972095728,0,0,0,0,0.0009486688888888,0.0002924163333333,0.0035834222222222,0.0009134433333333,-5.6314370071827,-6.998289216546168,1.3290137183337616,1.1390427555495595,0.2844371019756227,0.13018822155644544,2,1,2,2,1,2,2.260021333333328,0.75893511111104
57,mid_to_high,7,2.5,0.0,0.0,0.0,0.0741,100.0,220.0,2.2,0.7884573603642703,-5.6314370071827,-6.998289216546168,2,1,2,1,0.0035834222222222,0.0009134433333333,0.0090005111111111,0.0022066366666666,-4.71047391313496,-6.116285792959938,0.9209630940477394,0.88200342358623,-0.08233531513912212,-0.12555934136583843,3,2,3,1,1,1,3.70015333333333,2.260021333333328
58,low_to_mid,7,2.5,0.0,0.0,0.0,0.1471,35.0,100.0,2.857142857142857,1.0498221244986776,-6.966628102759872,-8.165365643809572,0,0,0,0,0.0009428266666666,0.0002843326666666,0.0035332,0.00092629,-5.645551303093297,-6.984323197401127,1.3210767996665744,1.1810424464084452,0.27844716137227743,0.1663974776434037,2,1,2,2,1,2,2.2479679999999997,0.7542613333332799
58,mid_to_high,7,2.5,0.0,0.0,0.0,0.1471,100.0,220.0,2.2,0.7884573603642703,-5.645551303093297,-6.984323197401127,2,1,2,1,0.0035332,0.00092629,0.0089346888888888,0.0021998733333333,-4.7178139503514585,-6.119355496033005,0.9277373527418381,0.8649677013681224,-0.07500661131776266,-0.1450631122062107,3,2,3,1,1,1,3.68040666666664,2.2479679999999997
59,low_to_mid,7,2.5,0.0,0.0,0.0,0.2159,35.0,100.0,2.857142857142857,1.0498221244986776,-6.981480760192355,-8.208770206505433,0,0,0,0,0.0009289266666666,0.0002722553333333,0.0035126222222222,0.0009274766666666,-5.65139244856546,-6.983042921031909,1.3300883116268947,1.2257272854735248,0.28524533974876826,0.20353437025249693,2,1,2,2,1,2,2.243029333333328,0.74314133333328
59,mid_to_high,7,2.5,0.0,0.0,0.0,0.2159,100.0,220.0,2.2,0.7884573603642703,-5.65139244856546,-6.983042921031909,2,1,2,1,0.0035126222222222,0.0009274766666666,0.0089382,0.0023039966666666,-4.717421052350672,-6.073109982908827,0.9339713962147883,0.9099329381230817,-0.06830946625995035,-0.0943843765570447,3,2,3,1,1,1,3.68146,2.243029333333328
60,low_to_mid,7,2.5,0.0,0.0,0.0233,0.1249,35.0,100.0,2.857142857142857,1.0498221244986776,-6.9841204976558116,-8.154991713604074,0,0,0,0,0.0009264777777777,0.0002872976666666,0.0035456666666666,0.0009363833333333,-5.642029078380737,-6.973485621167493,1.3420914192750735,1.181506092436582,0.29422915789479426,0.16678997415847258,2,1,2,2,1,2,2.250959999999984,0.74118222222216
60,mid_to_high,7,2.5,0.0,0.0,0.0233,0.1249,100.0,220.0,2.2,0.7884573603642703,-5.642029078380737,-6.973485621167493,2,1,2,1,0.0035456666666666,0.0009363833333333,0.0089804222222222,0.00226852,-4.71270837970851,-6.088627642500619,0.9293206986722273,0.8848579786668742,-0.07330139126516233,-0.12232812293449982,3,2,3,1,1,1,3.6941266666666603,2.250959999999984
61,low_to_mid,7,2.5,0.0,0.0,0.0339,0.0879,35.0,100.0,2.857142857142857,1.0498221244986776,-6.979461351682475,-8.152101104557953,0,0,0,0,0.0009308044444444,0.0002881293333333,0.0035678444444444,0.0009172733333333,-5.63579366262385,-6.9941050566950596,1.3436676890586252,1.1579960478628943,0.2954029563636466,0.14669096624592456,2,1,2,2,1,2,2.256282666666656,0.74464355555552
61,mid_to_high,7,2.5,0.0,0.0,0.0339,0.0879,100.0,220.0,2.2,0.7884573603642703,-5.63579366262385,-6.9941050566950596,2,1,2,1,0.0035678444444444,0.0009172733333333,0.0089986444444444,0.0022398933333333,-4.710681330273795,-6.101327033296645,0.9251123323500541,0.8927780233984143,-0.07784010846456084,-0.11341730302721337,3,2,3,1,1,1,3.6995933333333197,2.256282666666656
62,low_to_mid,7,2.5,0.0,0.0,0.0509,0.2034,35.0,100.0,2.857142857142857,1.0498221244986776,-6.990089127834847,-8.109127024551888,0,0,0,0,0.0009209644444444,0.0003007813333333,0.0034988,0.0009754566666666,-5.655335226418575,-6.932604820551952,1.334753901416273,1.1765222039999361,0.28874693135045015,0.16256280193531117,2,1,2,2,1,2,2.239712,0.75195333333325
62,mid_to_high,7,2.5,0.0,0.0,0.0509,0.2034,100.0,220.0,2.2,0.7884573603642703,-5.655335226418575,-6.932604820551952,2,1,2,1,0.0034988,0.0009754566666666,0.0089194222222222,0.00246372,-4.719524107781575,-6.006082876131601,0.9358111186369996,0.9265219444203509,-0.06634161919615544,-0.07631754824811493,3,2,3,1,1,1,3.67582666666666,2.239712
63,low_to_mid,7,2.5,0.0,0.0,0.0779,0.0,35.0,100.0,2.857142857142857,1.0498221244986776,-6.959359732885947,-8.052711027443468,0,0,0,0,0.0009497044444444,0.000318238,0.0035617333333333,0.0010109033333333,-5.63750796122559,-6.896910958417968,1.3218517716603573,1.1558000690254997,0.2790336108317153,0.14479280462251098,2,1,2,2,1,2,2.254815999999992,0.7955949999999999
63,mid_to_high,7,2.5,0.0,0.0,0.0779,0.0,100.0,220.0,2.2,0.7884573603642703,-5.63750796122559,-6.896910958417968,2,1,2,1,0.0035617333333333,0.0010109033333333,0.0089706888888888,0.0023749433333333,-4.7137928066531165,-6.042781701429315,0.9237151545724733,0.8541292569886529,-0.07935152913894904,-0.15767274185889762,3,2,3,1,1,1,3.69120666666664,2.254815999999992
64,low_to_mid,7,2.5,0.0,0.0,0.0883,0.0,35.0,100.0,2.857142857142857,1.0498221244986776,-6.9779750933320255,-8.181279444054693,0,0,0,0,0.0009321888888888,0.0002798436666666,0.0035605333333333,0.0009039966666666,-5.637844932604932,-7.0086848848946035,1.3401301607270935,1.1725945591600897,0.29276674411649917,0.15921886555775674,2,1,2,2,1,2,2.254527999999992,0.74575111111104
64,mid_to_high,7,2.5,0.0,0.0,0.0883,0.0,100.0,220.0,2.2,0.7884573603642703,-5.637844932604932,-7.0086848848946035,2,1,2,1,0.0035605333333333,0.0009039966666666,0.008957,0.00224484,-4.715319929489079,-6.099121029815461,0.922525003115853,0.9095638550791432,-0.08064079978613096,-0.09479007449548547,3,2,3,1,1,1,3.6871,2.254527999999992
65,low_to_mid,7,2.5,0.0,0.0,0.1294,0.0,35.0,100.0,2.857142857142857,1.0498221244986776,-6.988350917271486,-8.044510861428394,0,0,0,0,0.0009225666666666,0.0003208583333333,0.0035399333333333,0.0010047633333333,-5.643647384405509,-6.903003254423635,1.3447035328659767,1.1415076070047585,0.29617356709639386,0.13234985100822294,2,1,2,2,1,2,2.249583999999992,0.80214583333325
65,mid_to_high,7,2.5,0.0,0.0,0.1294,0.0,100.0,220.0,2.2,0.7884573603642703,-5.643647384405509,-6.903003254423635,2,1,2,1,0.0035399333333333,0.0010047633333333,0.0088659333333333,0.0024045033333333,-4.725539062049908,-6.030411910957936,0.9181083223556011,0.8725913434656996,-0.08543989711417178,-0.1362879387341117,3,2,3,1,1,1,3.65977999999999,2.249583999999992
66,low_to_mid,7,2.5,0.0,0.0542,0.0,0.0,35.0,100.0,2.857142857142857,1.0498221244986776,-6.978790711267413,-8.164567601724114,0,0,0,0,0.0009314288888888,0.0002845596666666,0.0035158,0.0008986333333333,-5.650488183598483,-7.014635467276278,1.3283025276689295,1.1499321344478353,0.2839018320897878,0.13970292711017068,2,1,2,2,1,2,2.243792,0.74514311111104
66,mid_to_high,7,2.5,0.0,0.0542,0.0,0.0,100.0,220.0,2.2,0.7884573603642703,-5.650488183598483,-7.014635467276278,2,1,2,1,0.0035158,0.0008986333333333,0.0088708444444444,0.0022493366666666,-4.724985284887207,-6.097119921047083,0.9255028987112757,0.9175155462291953,-0.07741801492456948,-0.08608575507794775,3,2,3,1,1,1,3.6612533333333204,2.243792
67,low_to_mid,7,2.5,0.0,0.0969,0.0,0.0,35.0,100.0,2.857142857142857,1.0498221244986776,-6.981636268351416,-8.173798541509042,0,0,0,0,0.0009287822222222,0.000281945,0.0034851111111111,0.00092234,-5.659255352606126,-6.988596638826766,1.322380915745289,1.185201902682276,0.2794338358909661,0.16991314208408778,2,1,2,2,1,2,2.236426666666664,0.74302577777776
67,mid_to_high,7,2.5,0.0,0.0969,0.0,0.0,100.0,220.0,2.2,0.7884573603642703,-5.659255352606126,-6.988596638826766,2,1,2,1,0.0034851111111111,0.00092234,0.0088590666666666,0.0022979266666666,-4.72631386227673,-6.075748011872164,0.9329414903293965,0.9128486269546028,-0.06941279143092374,-0.0911852095541069,3,2,3,1,1,1,3.65771999999998,2.236426666666664
68,low_to_mid,7,2.5,0.0,0.1646,0.0,0.0,35.0,100.0,2.857142857142857,1.0498221244986776,-6.9812415640815235,-8.11801446795078,0,0,0,0,0.0009291488888888,0.00029812,0.0034172888888888,0.0009084633333333,-5.678907764825427,-7.0037560305096065,1.3023337992560975,1.1142584374411748,0.2641578851647528,0.10818910512115326,2,1,2,2,1,2,2.2201493333333118,0.7453000000000001
68,mid_to_high,7,2.5,0.0,0.1646,0.0,0.0,100.0,220.0,2.2,0.7884573603642703,-5.678907764825427,-7.0037560305096065,2,1,2,1,0.0034172888888888,0.0009084633333333,0.0087302222222222,0.0022778433333333,-4.740964454446329,-6.084526190100354,0.9379433103790972,0.9192298404092522,-0.06406576849834153,-0.08421908951797709,3,2,3,1,1,1,3.6190666666666598,2.2201493333333118
69,low_to_mid,7,2.5,0.0407,0.072,0.0,0.0,35.0,100.0,2.857142857142857,1.0498221244986776,-6.976038878252642,-8.039739259726323,0,0,0,0,0.0009339955555555,0.000322393,0.0034905555555555,0.0010063033333333,-5.657694370463462,-6.901471728565701,1.3183445077891798,1.1382675311606214,0.2763767887147097,0.12950739696841582,2,1,2,2,1,2,2.23773333333332,0.8059824999999999
69,mid_to_high,7,2.5,0.0407,0.072,0.0,0.0,100.0,220.0,2.2,0.7884573603642703,-5.657694370463462,-6.901471728565701,2,1,2,1,0.0034905555555555,0.0010063033333333,0.0088610444444444,0.0024883866666666,-4.726090638192681,-5.996120703533151,0.931603732270781,0.9053510250325496,-0.07084773467815046,-0.09943253752134029,3,2,3,1,1,1,3.6583133333333198,2.23773333333332
70,low_to_mid,7,2.5,0.0413,0.0,0.0,0.0,35.0,100.0,2.857142857142857,1.0498221244986776,-6.989900937047474,-8.055580921351739,0,0,0,0,0.0009211377777777,0.000317326,0.0032999333333333,0.0010424266666666,-5.713853012733979,-6.866203950490638,1.2760479243134952,1.1893769708611013,0.24376774245672145,0.17342961612300595,2,1,2,2,1,2,2.1919839999999917,0.793315
70,mid_to_high,7,2.5,0.0413,0.0,0.0,0.0,100.0,220.0,2.2,0.7884573603642703,-5.713853012733979,-6.866203950490638,2,1,2,1,0.0032999333333333,0.0010424266666666,0.0086536666666666,0.0023629566666666,-4.749772155755039,-6.047841619216102,0.9640808569789385,0.8183623312745347,-0.036580111354862645,-0.20045009268341332,3,2,3,1,1,1,3.59609999999998,2.1919839999999917
71,low_to_mid,7,2.5,0.0805,0.1123,0.0,0.0,35.0,100.0,2.857142857142857,1.0498221244986776,-6.984475549106028,-7.895685237998624,0,0,0,0,0.0009261488888888,0.0003723466666666,0.0035168222222222,0.0011274166666666,-5.650197474899197,-6.787826399148973,1.3342780742068314,1.1078588388496502,0.2883903771998604,0.10242917844855494,2,2,2,2,2,2,2.244037333333328,0.9308666666664999
71,mid_to_high,7,2.5,0.0805,0.1123,0.0,0.0,100.0,220.0,2.2,0.7884573603642703,-5.650197474899197,-6.787826399148973,2,2,2,1,0.0035168222222222,0.0011274166666666,0.0089099777777777,0.0027512766666666,-4.7205835315791065,-5.895690232606613,0.9296139433200903,0.8921361665423598,-0.07298589372837846,-0.11413650497802819,3,2,3,1,0,1,3.67299333333331,2.244037333333328
72,low_to_mid,7,2.5,0.0832,0.0,0.0,0.0,35.0,100.0,2.857142857142857,1.0498221244986776,-6.983039327057495,-7.889224736881286,0,0,0,0,0.00092748,0.00037476,0.0033642444444444,0.0011577833333333,-5.694551874694392,-6.761248021540186,1.2884874523631025,1.1279767153411009,0.25346901288910034,0.12042551043470726,2,2,2,2,2,2,2.2074186666666558,0.9369000000000001
72,mid_to_high,7,2.5,0.0832,0.0,0.0,0.0,100.0,220.0,2.2,0.7884573603642703,-5.694551874694392,-6.761248021540186,2,2,2,1,0.0033642444444444,0.0011577833333333,0.0086335111111111,0.0025964666666666,-4.752104007136177,-5.9536037325567985,0.9424478675582151,0.8076442889833872,-0.059274674125368874,-0.21363355380023738,3,2,3,1,0,1,3.59005333333333,2.2074186666666558
73,low_to_mid,7,2.5,0.1346,0.0,0.0,0.0,35.0,100.0,2.857142857142857,1.0498221244986776,-6.996644782183618,-7.845635734057709,0,0,0,0,0.0009149466666666,0.0003914566666666,0.0034671777777777,0.0011075833333333,-5.66441433647311,-6.8055748143309716,1.3322304457105079,1.0400609197267374,0.28685456444433316,0.03927928809806017,2,1,2,2,1,2,2.232122666666648,0.9786416666665
73,mid_to_high,7,2.5,0.1346,0.0,0.0,0.0,100.0,220.0,2.2,0.7884573603642703,-5.66441433647311,-6.8055748143309716,2,1,2,1,0.0034671777777777,0.0011075833333333,0.0088310222222222,0.0031281,-4.729484504110664,-5.767329487500617,0.9349298323624462,1.0382453268303546,-0.06728379811117392,0.03753210251243656,3,2,3,1,1,1,3.64930666666666,2.232122666666648
74,low_to_mid,7,2.5,0.1583,0.2536,0.0,0.0,35.0,100.0,2.857142857142857,1.0498221244986776,-7.032907903472969,-7.899083902430662,0,0,0,0,0.0008823622222222,0.0003710833333333,0.0034025111111111,0.0011322433333333,-5.6832415578712885,-6.783554363526473,1.3496663456016804,1.1155295389041888,0.2998574104972334,0.10932921495597636,2,2,2,2,2,2,2.216602666666664,0.92770833333325
74,mid_to_high,7,2.5,0.1583,0.2536,0.0,0.0,100.0,220.0,2.2,0.7884573603642703,-5.6832415578712885,-6.783554363526473,2,2,2,1,0.0034025111111111,0.0011322433333333,0.0090778666666666,0.0032080633333333,-4.701916062578682,-5.742087846861867,0.9813254952926059,1.0414665166646062,-0.018851074967270624,0.040629832056253395,3,2,3,1,0,1,3.72335999999998,2.216602666666664
75,low_to_mid,8,1.0,0.0,0.0,0.0,0.0,70.0,200.0,2.857142857142857,1.0498221244986776,-6.793914819891804,-6.803623517934208,0,1,1,0,0.0011205733333333,0.0011097466666666,0.0047030222222222,0.00325543,-5.3595499509140385,-5.727430907591945,1.4343648689777662,1.0761926103422637,0.360722151219793,0.07342945161424637,2,2,2,2,1,1,2.5513962857142856,1.998081249999906
75,mid_to_high,8,1.0,0.0,0.0,0.0,0.0,200.0,400.0,2.0,0.6931471805599453,-5.3595499509140385,-5.727430907591945,2,2,2,1,0.0047030222222222,0.00325543,0.0095686666666666,0.0125473,-4.649261407501065,-4.378249775992384,0.7102885434129731,1.3491811315995597,-0.34208399233135156,0.29949783922731354,3,4,4,1,2,2,4.0,2.5513962857142856
76,low_to_mid,8,1.0,0.0,0.0,0.0,0.0942,70.0,200.0,2.857142857142857,1.0498221244986776,-6.801892889284238,-6.771178112772072,0,2,2,0,0.0011116688888888,0.0011463433333333,0.0046084444444444,0.0034217333333333,-5.379864909622334,-5.677608033686748,1.4220279796619038,1.093570079085324,0.35208400746166774,0.08944764603623312,2,2,2,2,0,0,2.5941599999999916,2.009059714285706
76,mid_to_high,8,1.0,0.0,0.0,0.0,0.0942,200.0,400.0,2.0,0.6931471805599453,-5.379864909622334,-5.677608033686748,2,2,2,1,0.0046084444444444,0.0034217333333333,0.0094982222222222,0.012511,-4.656650632390414,-4.381147021646874,0.7232142772319203,1.296461012039874,-0.3240497283513586,0.2596382538435895,3,4,4,1,2,2,4.0,2.5941599999999916
77,low_to_mid,8,1.0,0.0,0.0,0.0,0.1478,70.0,200.0,2.857142857142857,1.0498221244986776,-6.815796162268573,-6.779681669665057,0,2,2,0,0.00109632,0.0011366366666666,0.0045886222222222,0.0034549333333333,-5.384175469420051,-5.667952117655383,1.4316206928485227,1.1117295520096737,0.3588071541560129,0.10591695762398283,2,2,2,2,0,0,2.602697142857134,2.006563714285697
77,mid_to_high,8,1.0,0.0,0.0,0.0,0.1478,200.0,400.0,2.0,0.6931471805599453,-5.384175469420051,-5.667952117655383,2,2,2,1,0.0045886222222222,0.0034549333333333,0.0094073555555555,0.0127560666666667,-4.666263389794149,-4.361748303549245,0.7179120796259019,1.306203814106138,-0.33140816920625343,0.26712507848379335,3,4,4,1,2,2,4.0,2.602697142857134
78,low_to_mid,8,1.0,0.0,0.0,0.0,0.2061,70.0,200.0,2.857142857142857,1.0498221244986776,-6.820518001584051,-6.786048101001551,0,2,2,0,0.0010911555555555,0.0011294233333333,0.0044902666666666,0.0035924333333333,-5.4058431877517865,-5.628925497362599,1.4146748138322642,1.1571226036389521,0.3468996911379184,0.14593640944183395,2,2,2,2,0,0,2.638054285714277,2.0047088571428486
78,mid_to_high,8,1.0,0.0,0.0,0.0,0.2061,200.0,400.0,2.0,0.6931471805599453,-5.4058431877517865,-5.628925497362599,2,2,2,1,0.0044902666666666,0.0035924333333333,0.0093565333333333,0.0136629333333333,-4.671680427467056,-4.29306870899557,0.7341627602847309,1.3358567883670294,-0.3090245306921188,0.28957287503267465,3,4,4,1,2,2,4.0,2.638054285714277
79,low_to_mid,8,1.0,0.0,0.0,0.032,0.1162,70.0,200.0,2.857142857142857,1.0498221244986776,-6.829751571734809,-6.786042198301627,0,2,2,0,0.0010811266666666,0.00112943,0.0045868666666666,0.0036014333333333,-5.384558131444556,-5.626423364611876,1.445193440290253,1.1596188336897508,0.36824318131775685,0.1480913594734424,2,2,2,2,0,0,2.6403685714285627,2.0047105714285713
79,mid_to_high,8,1.0,0.0,0.0,0.032,0.1162,200.0,400.0,2.0,0.6931471805599453,-5.384558131444556,-5.626423364611876,2,2,2,1,0.0045868666666666,0.0036014333333333,0.0094210888888888,0.0137324666666667,-4.664804603773959,-4.2879924200821975,0.7197535276705973,1.3384309445296778,-0.32884644825754566,0.29149799096241097,3,4,4,1,2,2,4.0,2.6403685714285627
80,low_to_mid,8,1.0,0.0,0.0,0.0372,0.0851,70.0,200.0,2.857142857142857,1.0498221244986776,-6.839756086215627,-6.785051039006685,0,2,2,0,0.0010703644444444,0.00113055,0.0045923333333333,0.0035362333333333,-5.383367032587792,-5.644693148450222,1.4563890536278348,1.140357890556463,0.37596012124299316,0.13134215222245768,2,2,2,2,0,0,2.6236028571428482,2.004998571428571
80,mid_to_high,8,1.0,0.0,0.0,0.0372,0.0851,200.0,400.0,2.0,0.6931471805599453,-5.383367032587792,-5.644693148450222,2,2,2,1,0.0045923333333333,0.0035362333333333,0.0094524666666666,0.0133898333333333,-4.6614795486093605,-4.31325956645635,0.7218874839784315,1.3314335819938725,-0.3258859915985797,0.28625624293522417,3,4,4,1,2,2,4.0,2.6236028571428482
81,low_to_mid,8,1.0,0.0,0.0,0.0511,0.2129,70.0,200.0,2.857142857142857,1.0498221244986776,-6.867140239208882,-6.737613146736861,0,2,2,0,0.0010414511111111,0.0011854733333333,0.0044983555555555,0.0041409666666666,-5.404043381091221,-5.486826024036567,1.4630968581176609,1.2507871227002936,0.38055532498504796,0.22377305129774808,2,2,2,2,0,0,2.779105714285697,2.019121714285706
81,mid_to_high,8,1.0,0.0,0.0,0.0511,0.2129,200.0,400.0,2.0,0.6931471805599453,-5.404043381091221,-5.486826024036567,2,2,2,1,0.0044983555555555,0.0041409666666666,0.0093104666666666,0.0138925,-4.676616063636117,-4.276406152810198,0.7274273174551045,1.2104198712263696,-0.3182411922057609,0.19096730043125046,3,4,4,1,2,2,4.0,2.779105714285697
82,low_to_mid,8,1.0,0.0,0.0,0.0776,0.0,70.0,200.0,2.857142857142857,1.0498221244986776,-6.820727791011239,-6.822079237600864,0,1,1,0,0.0010909266666666,0.0010894533333333,0.0045952666666666,0.0033896333333333,-5.382728490763383,-5.687033524698243,1.4379993002478566,1.1350457129026217,0.3632527726838941,0.1266729258074516,2,2,2,2,1,1,2.5859057142857056,1.969543749999953
82,mid_to_high,8,1.0,0.0,0.0,0.0776,0.0,200.0,400.0,2.0,0.6931471805599453,-5.382728490763383,-5.687033524698243,2,2,2,1,0.0045952666666666,0.0033896333333333,0.0094992222222222,0.0133369333333333,-4.656545355072315,-4.3172181499797535,0.7261831356910683,1.3698153747184894,-0.3199530429497837,0.31467596777948253,3,4,4,1,2,2,4.0,2.5859057142857056
83,low_to_mid,8,1.0,0.0,0.0,0.0781,0.0,70.0,200.0,2.857142857142857,1.0498221244986776,-6.864412730395613,-6.811188313506333,0,1,1,0,0.0010442955555555,0.0011013833333333,0.0045228444444444,0.0035339666666666,-5.398614181197154,-5.645334337311741,1.465798549198458,1.165853976194592,0.3824001787413906,0.15345384526123013,2,2,2,2,1,1,2.6230199999999826,1.9863203124999531
83,mid_to_high,8,1.0,0.0,0.0,0.0781,0.0,200.0,400.0,2.0,0.6931471805599453,-5.398614181197154,-5.645334337311741,2,2,2,1,0.0045228444444444,0.0035339666666666,0.0092723777777777,0.0128574,-4.680715429838363,-4.3538357579071825,0.7178987513587918,1.291498579404559,-0.3314267346980618,0.25580323359539786,3,4,4,1,2,2,4.0,2.6230199999999826
84,low_to_mid,8,1.0,0.0,0.0,0.1283,0.0,70.0,200.0,2.857142857142857,1.0498221244986776,-6.8871403455304625,-6.779341542583235,0,2,2,0,0.0010208288888888,0.0011370233333333,0.0043261111111111,0.0037696333333333,-5.443086267289409,-5.580777541314972,1.444054078241053,1.198564001268263,0.3674544900748276,0.18112417460815802,2,2,2,2,0,0,2.6836199999999915,2.006663142857134
84,mid_to_high,8,1.0,0.0,0.0,0.1283,0.0,200.0,400.0,2.0,0.6931471805599453,-5.443086267289409,-5.580777541314972,2,2,2,1,0.0043261111111111,0.0037696333333333,0.0090402444444444,0.0131939333333333,-4.706069064628989,-4.327998150996004,0.737017202660421,1.2527793903189677,-0.3051440455992367,0.2253645952242627,3,4,4,1,2,2,4.0,2.6836199999999915
85,low_to_mid,8,1.0,0.0,0.0768,0.0,0.0,70.0,200.0,2.857142857142857,1.0498221244986776,-6.835655830498835,-6.788403104697633,0,2,2,0,0.0010747622222222,0.0011267666666666,0.0046098888888888,0.0033625666666666,-5.379551524457361,-5.695050707732775,1.456104306041474,1.093352396964859,0.3757645859733091,0.08924856982427978,2,2,2,2,0,0,2.5789457142856973,2.004025714285697
85,mid_to_high,8,1.0,0.0,0.0768,0.0,0.0,200.0,400.0,2.0,0.6931471805599453,-5.379551524457361,-5.695050707732775,2,2,2,1,0.0046098888888888,0.0033625666666666,0.0095623777777777,0.0125516333333333,-4.6499188613200335,-4.3779044757902765,0.7296326631373277,1.3171462319424982,-0.31521407266964596,0.27546745072221557,3,4,4,1,2,2,4.0,2.5789457142856973
86,low_to_mid,8,1.0,0.0,0.1344,0.0,0.0,70.0,200.0,2.857142857142857,1.0498221244986776,-6.892855719640815,-6.81413440403804,0,1,1,0,0.0010150111111111,0.0010981433333333,0.0045476888888888,0.00329874,-5.393136111570682,-5.714214701602643,1.4997196080701345,1.0999197024353977,0.40527816268171335,0.09523717935385474,2,2,2,2,1,1,2.562533142857143,1.981764062499953
86,mid_to_high,8,1.0,0.0,0.1344,0.0,0.0,200.0,400.0,2.0,0.6931471805599453,-5.393136111570682,-5.714214701602643,2,2,2,1,0.0045476888888888,0.00329874,0.0097497333333333,0.0122524,-4.630515344773765,-4.4020334428135515,0.7626207667969164,1.3121812587890913,-0.27099440035730304,0.27169083554429047,3,4,4,1,2,2,4.0,2.562533142857143
87,low_to_mid,8,1.0,0.0,0.2225,0.0,0.0,70.0,200.0,2.857142857142857,1.0498221244986776,-6.99894263597893,-6.853639637831554,0,1,1,0,0.0009128466666666,0.0010556066666666,0.0046106888888888,0.00330967,-5.37937799953923,-5.710906792448527,1.6195646364397005,1.1427328453830279,0.48215737018798166,0.13342262641984282,2,2,2,2,1,1,2.565343714285714,1.921946874999906
87,mid_to_high,8,1.0,0.0,0.2225,0.0,0.0,200.0,400.0,2.0,0.6931471805599453,-5.37937799953923,-5.710906792448527,2,2,2,1,0.0046106888888888,0.00330967,0.0095053555555555,0.0123510666666667,-4.655899896528805,-4.394012849867222,0.7234781030104249,1.3168939425813047,-0.3236849987308361,0.27527588996744407,3,4,4,1,2,2,4.0,2.565343714285714
88,low_to_mid,8,1.0,0.0684,0.0773,0.0,0.0,70.0,200.0,2.857142857142857,1.0498221244986776,-6.8916960328451315,-6.830646100670714,0,1,1,0,0.0010161888888888,0.00108016,0.0046029111111111,0.0035346333333333,-5.3810663254108135,-5.6451457096715645,1.5106297074343185,1.1855003909991488,0.4125265886871015,0.17016495634119266,2,2,2,2,1,1,2.62319142857142,1.9564749999999997
88,mid_to_high,8,1.0,0.0684,0.0773,0.0,0.0,200.0,400.0,2.0,0.6931471805599453,-5.3810663254108135,-5.6451457096715645,2,2,2,1,0.0046029111111111,0.0035346333333333,0.0097305111111111,0.0127107666666667,-4.632488854758798,-4.365305875641909,0.7485774706520151,1.2798398340296557,-0.2895805792732372,0.24673494043782476,3,4,4,1,2,2,4.0,2.62319142857142
89,low_to_mid,8,1.0,0.0725,0.0,0.0,0.0,70.0,200.0,2.857142857142857,1.0498221244986776,-6.859102690413413,-6.860569575875477,0,1,1,0,0.0010498555555555,0.0010483166666666,0.0046864222222222,0.0034461333333333,-5.363085840048557,-5.670502449421412,1.4960168503648565,1.1900671264540654,0.4028061431017235,0.17400971431745127,2,2,2,2,1,1,2.600434285714277,1.9116953124999063
89,mid_to_high,8,1.0,0.0725,0.0,0.0,0.0,200.0,400.0,2.0,0.6931471805599453,-5.363085840048557,-5.670502449421412,2,2,2,1,0.0046864222222222,0.0034461333333333,0.0099387555555555,0.0127324666666667,-4.611313461769439,-4.363600117181319,0.7517723782791178,1.3069023322400928,-0.2853216893103149,0.26765970517821164,3,4,4,1,2,2,4.0,2.600434285714277
90,low_to_mid,8,1.0,0.1148,0.0,0.0,0.0,70.0,200.0,2.857142857142857,1.0498221244986776,-6.825507824063833,-6.815358429716169,0,1,1,0,0.0010857244444444,0.0010968,0.0046121333333333,0.0036978333333333,-5.379064766903599,-5.600008216439756,1.4464430571602347,1.2153502132764136,0.3691074787139704,0.19503227663871048,2,2,2,2,1,1,2.6651571428571343,1.9798749999999998
90,mid_to_high,8,1.0,0.1148,0.0,0.0,0.0,200.0,400.0,2.0,0.6931471805599453,-5.379064766903599,-5.600008216439756,2,2,2,1,0.0046121333333333,0.0036978333333333,0.0100279777777778,0.0126357666666667,-4.602376314705917,-4.3712238619719965,0.776688452197682,1.2287843544677595,-0.2527159714439616,0.20602535096348118,4,4,4,2,2,2,4.0,2.6651571428571343
91,low_to_mid,8,1.0,0.1814,0.0,0.0,0.0,70.0,200.0,2.857142857142857,1.0498221244986776,-6.779195948821866,-6.788432688308286,0,2,2,0,0.0011371888888888,0.0011267333333333,0.0045484666666666,0.0038731666666666,-5.392965099152315,-5.553682846412181,1.386230849669551,1.2347498418961051,0.32658844510157325,0.2108683923933208,2,2,2,2,0,0,2.7102428571428403,2.0040171428571343
91,mid_to_high,8,1.0,0.1814,0.0,0.0,0.0,200.0,400.0,2.0,0.6931471805599453,-5.392965099152315,-5.553682846412181,2,2,2,1,0.0045484666666666,0.0038731666666666,0.0106884,0.0131086333333333,-4.53859623773845,-4.334484232763089,0.8543688614138651,1.2191986136490922,-0.15739225641474966,0.1981937688507566,4,4,4,2,2,2,4.0,2.7102428571428403
92,low_to_mid,8,1.0,0.2168,0.1803,0.0,0.0,70.0,200.0,2.857142857142857,1.0498221244986776,-6.866180501207651,-6.826771475816404,0,1,1,0,0.0010424511111111,0.0010843533333333,0.004567,0.0036968333333333,-5.388898744779275,-5.600278681641549,1.4772817564283762,1.2264927941748547,0.3902037480025214,0.2041587095869223,2,2,2,2,1,1,2.6648999999999914,1.962371874999953
92,mid_to_high,8,1.0,0.2168,0.1803,0.0,0.0,200.0,400.0,2.0,0.6931471805599453,-5.388898744779275,-5.600278681641549,2,2,2,1,0.004567,0.0036968333333333,0.0108535333333333,0.0129164,-4.523264599167267,-4.3492574572252956,0.8656341456120078,1.2510212244162535,-0.14429292433429516,0.22396019730108843,4,4,4,2,2,2,4.0,2.6648999999999914
93,low_to_mid,8,1.0,0.2541,0.3054,0.0,0.0,70.0,200.0,2.857142857142857,1.0498221244986776,-6.937147472881457,-6.9078319485878765,0,1,1,0,0.0009710355555555,0.0009999233333333,0.0044487555555555,0.0035285,-5.41513087235043,-5.646882427523389,1.5220166005310276,1.260949521064487,0.42003616643062214,0.23186502530483008,2,2,2,2,1,1,2.6216142857142857,1.8436421874999531
93,mid_to_high,8,1.0,0.2541,0.3054,0.0,0.0,200.0,400.0,2.0,0.6931471805599453,-5.41513087235043,-5.646882427523389,2,2,2,1,0.0044487555555555,0.0035285,0.0107823777777778,0.0128227666666667,-4.529842164746233,-4.356533042140598,0.8852887076041968,1.290349385382791,-0.12184146389187443,0.25491302308468333,4,4,4,2,2,2,4.0,2.6216142857142857
94,low_to_mid,8,2.0,0.0,0.0,0.0,0.0,70.0,200.0,2.857142857142857,1.0498221244986776,-6.4109988302072125,-7.019629555787533,1,1,1,0,0.0016433822222222,0.0008941566666666,0.0063415777777777,0.0027219566666666,-5.060627680645509,-5.906404294546518,1.350371149561703,1.1132252612410143,0.3003794802664817,0.10726144286722607,2,2,2,1,1,1,2.921978666666648,1.6949078124999062
94,mid_to_high,8,2.0,0.0,0.0,0.0,0.0,200.0,400.0,2.0,0.6931471805599453,-5.060627680645509,-5.906404294546518,2,2,2,1,0.0063415777777777,0.0027219566666666,0.0122496444444444,0.0119296666666667,-4.402258367355947,-4.428726984028237,0.658369313289562,1.477677310518281,-0.4179892387103817,0.3904714702168099,4,4,4,2,2,2,4.0,2.921978666666648
95,low_to_mid,8,2.0,0.0,0.0,0.0,0.096,70.0,200.0,2.857142857142857,1.0498221244986776,-6.447987187924023,-6.993538319776599,1,1,1,0,0.0015837066666666,0.0009177933333333,0.0061264,0.00314492,-5.095147977241244,-5.761966826355172,1.3528392106827796,1.2315714934214268,0.30220550301569665,0.2082909908287762,2,2,2,1,1,1,2.870336,1.728146874999953
95,mid_to_high,8,2.0,0.0,0.0,0.0,0.096,200.0,400.0,2.0,0.6931471805599453,-5.095147977241244,-5.761966826355172,2,2,2,1,0.0061264,0.00314492,0.0115714444444444,0.0126763333333333,-4.459214901623843,-4.368018541086041,0.6359330756174003,1.3939482852691314,-0.45266194819543204,0.3321402135649096,4,4,4,2,2,2,4.0,2.870336
96,low_to_mid,8,2.0,0.0,0.0,0.0,0.1497,70.0,200.0,2.857142857142857,1.0498221244986776,-6.42223378808028,-7.003656967026343,1,1,1,0,0.0016250222222222,0.0009085533333333,0.0063059333333333,0.0030070866666666,-5.066264289857222,-5.8067835537527035,1.3559694982230572,1.1968734132736396,0.30451669532941295,0.17971266766162078,2,2,2,1,1,1,2.913423999999992,1.715153124999953
96,mid_to_high,8,2.0,0.0,0.0,0.0,0.1497,200.0,400.0,2.0,0.6931471805599453,-5.066264289857222,-5.8067835537527035,2,2,2,1,0.0063059333333333,0.0030070866666666,0.0121319777777778,0.0124489666666667,-4.411910520860595,-4.38611765817731,0.6543537689966267,1.4206658955753944,-0.424107142587972,0.35112570224096595,4,4,4,2,2,2,4.0,2.913423999999992
97,low_to_mid,8,2.0,0.0,0.0,0.0,0.205,70.0,200.0,2.857142857142857,1.0498221244986776,-6.4615392899934,-6.992137388254772,1,1,1,0,0.0015623888888888,0.00091908,0.0060033777777777,0.00322339,-5.115433005195333,-5.737321678194795,1.3461062847980672,1.2548157100599766,0.2972161915509024,0.22698871722730338,2,2,2,1,1,1,2.8408106666666475,1.7299562499999999
97,mid_to_high,8,2.0,0.0,0.0,0.0,0.205,200.0,400.0,2.0,0.6931471805599453,-5.115433005195333,-5.737321678194795,2,2,2,1,0.0060033777777777,0.00322339,0.0113976222222222,0.0136301333333333,-4.474350522334947,-4.295472250978674,0.6410824828603863,1.441849427216121,-0.44459715193048444,0.36592661400437554,4,4,4,2,2,2,4.0,2.8408106666666475
98,low_to_mid,8,2.0,0.0,0.0,0.0323,0.1159,70.0,200.0,2.857142857142857,1.0498221244986776,-6.435186886001056,-6.996411644587595,1,1,1,0,0.0016041088888888,0.00091516,0.0061599555555555,0.0030760266666666,-5.089685716469961,-5.7841165581088925,1.345501169531095,1.2122950864787025,0.2967665604011644,0.1925153287049425,2,2,2,1,1,1,2.87838933333332,1.7244437499999998
98,mid_to_high,8,2.0,0.0,0.0,0.0323,0.1159,200.0,400.0,2.0,0.6931471805599453,-5.089685716469961,-5.7841165581088925,2,2,2,1,0.0061599555555555,0.0030760266666666,0.0117321111111111,0.0135858333333333,-4.445425657138587,-4.2987276958185765,0.6442600593313739,1.4853888622903153,-0.4396528155531296,0.3956765981034422,4,4,4,2,2,2,4.0,2.87838933333332
99,low_to_mid,8,2.0,0.0,0.0,0.0375,0.0849,70.0,200.0,2.857142857142857,1.0498221244986776,-6.435312959094509,-7.008393628304634,1,1,1,0,0.0016039066666666,0.00090426,0.0061803555555555,0.0030216,-5.086379475906105,-5.801968786566027,1.348933483188405,1.2064248417386072,0.29931426777301523,0.1876613096863795,2,2,2,1,1,1,2.88328533333332,1.709115625
99,mid_to_high,8,2.0,0.0,0.0,0.0375,0.0849,200.0,400.0,2.0,0.6931471805599453,-5.086379475906105,-5.801968786566027,2,2,2,1,0.0061803555555555,0.0030216,0.0117961555555556,0.0132806333333333,-4.439981600971635,-4.321448445307968,0.6463978749344695,1.4805203412580592,-0.4363400593201518,0.39239360791670014,4,4,4,2,2,2,4.0,2.88328533333332
100,low_to_mid,8,2.0,0.0,0.0,0.0514,0.2123,70.0,200.0,2.857142857142857,1.0498221244986776,-6.456197115060371,-6.9350750896371,1,1,1,0,0.0015707577777777,0.00097305,0.0060119555555555,0.0036254333333333,-5.114005199740907,-5.619781457589987,1.342191915319465,1.315293632047113,0.2943040352694315,0.2740599350356642,2,2,2,1,1,1,2.84286933333332,1.8058515625
100,mid_to_high,8,2.0,0.0,0.0,0.0514,0.2123,200.0,400.0,2.0,0.6931471805599453,-5.114005199740907,-5.619781457589987,2,2,2,1,0.0060119555555555,0.0036254333333333,0.0115051555555556,0.0139175,-4.464960034894721,-4.2746082379066115,0.6490451648461858,1.3451732196833757,-0.4322529732569141,0.2965227926300376,4,4,4,2,2,2,4.0,2.84286933333332
101,low_to_mid,8,2.0,0.0,0.0,0.078,0.0,70.0,200.0,2.857142857142857,1.0498221244986776,-6.428764378736193,-7.0144982312468205,1,1,1,0,0.0016144444444444,0.0008987566666666,0.0062738222222222,0.0030745566666666,-5.071369505250719,-5.784594561559402,1.3573948734854728,1.2299036696874193,0.3055673285642206,0.2069358489900627,2,2,2,1,1,1,2.9057173333333277,1.701376562499906
101,mid_to_high,8,2.0,0.0,0.0,0.078,0.0,200.0,400.0,2.0,0.6931471805599453,-5.071369505250719,-5.784594561559402,2,2,2,1,0.0062738222222222,0.0030745566666666,0.0119132,0.0126254666666667,-4.430108249923397,-4.372039340807482,0.6412612553273228,1.4125552207519196,-0.44431833048383024,0.3454002776119375,4,4,4,2,2,2,4.0,2.9057173333333277
102,low_to_mid,8,2.0,0.0,0.0,0.0798,0.0,70.0,200.0,2.857142857142857,1.0498221244986776,-6.435879791645326,-7.005404859718967,1,1,1,0,0.0016029977777777,0.0009069666666666,0.006063,0.00311391,-5.105550551892543,-5.771876107722098,1.330329239752783,1.233528751996869,0.2854264602848451,0.20987896599560835,2,2,2,1,1,1,2.85512,1.712921874999906
102,mid_to_high,8,2.0,0.0,0.0,0.0798,0.0,200.0,400.0,2.0,0.6931471805599453,-5.105550551892543,-5.771876107722098,2,2,2,1,0.006063,0.00311391,0.0114243111111111,0.0140317666666667,-4.472011640640256,-4.26643147214887,0.6335389112522879,1.5054446355732278,-0.45643385845169215,0.40908829348644365,4,4,4,2,2,2,4.0,2.85512
103,low_to_mid,8,2.0,0.0,0.0,0.1281,0.0,70.0,200.0,2.857142857142857,1.0498221244986776,-6.6635828372892325,-7.166690097394571,1,1,1,0,0.0012765644444444,0.0007718733333333,0.0050531555555555,0.0026056966666666,-5.287742368353906,-5.950055205110058,1.3758404689353263,1.2166348922845136,0.3190647945160453,0.19608876265472683,2,2,2,1,1,1,2.61275733333332,1.522946874999953
103,mid_to_high,8,2.0,0.0,0.0,0.1281,0.0,200.0,400.0,2.0,0.6931471805599453,-5.287742368353906,-5.950055205110058,2,2,2,1,0.0050531555555555,0.0026056966666666,0.0102364666666667,0.0083851333333333,-4.581798770998273,-4.7812949824221445,0.7059435973556328,1.1687602226879126,-0.3482199351114204,0.15594354826735266,4,4,4,2,2,2,4.0,2.61275733333332
104,low_to_mid,8,2.0,0.0,0.0477,0.0,0.0,70.0,200.0,2.857142857142857,1.0498221244986776,-6.43730591575724,-7.00689444668007,1,1,1,0,0.0016007133333333,0.0009056166666666,0.0060153555555555,0.0030099833333333,-5.113439819821961,-5.805820737335254,1.3238660959352795,1.2010737093448156,0.2805563163996821,0.18321591452417033,2,2,2,1,1,1,2.84368533333332,1.711023437499906
104,mid_to_high,8,2.0,0.0,0.0477,0.0,0.0,200.0,400.0,2.0,0.6931471805599453,-5.113439819821961,-5.805820737335254,2,2,2,1,0.0060153555555555,0.0030099833333333,0.0114568444444444,0.0125256666666667,-4.469167959500309,-4.379975406548132,0.644271860321652,1.4258453307871222,-0.4396344985986197,0.35476485242584843,4,4,4,2,2,2,4.0,2.84368533333332
105,low_to_mid,8,2.0,0.0,0.0845,0.0,0.0,70.0,200.0,2.857142857142857,1.0498221244986776,-6.439429445337543,-7.028455064219922,1,1,1,0,0.0015973177777777,0.0008863,0.0060378888888888,0.0029803033333333,-5.1097008498395144,-5.815730193935884,1.329728595498029,1.2127248702840379,0.2849748578745496,0.1928697866619887,2,2,2,1,1,1,2.849093333333312,1.683859375
105,mid_to_high,8,2.0,0.0,0.0845,0.0,0.0,200.0,400.0,2.0,0.6931471805599453,-5.1097008498395144,-5.815730193935884,2,2,2,1,0.0060378888888888,0.0029803033333333,0.0114553333333333,0.012462,-4.469299864125697,-4.385071264860107,0.6404009857138183,1.430658929075777,-0.4456607586449308,0.3581351277043868,4,4,4,2,2,2,4.0,2.849093333333312
106,low_to_mid,8,2.0,0.0,0.1644,0.0,0.0,70.0,200.0,2.857142857142857,1.0498221244986776,-6.4516618382652995,-7.092130944012693,1,1,1,0,0.0015778977777777,0.0008316233333333,0.0060477333333333,0.0028823533333333,-5.108071732787737,-5.849148188873325,1.3435901054775619,1.2429827551393677,0.29534521454130064,0.2175139388517781,2,2,2,1,1,1,2.8514559999999918,1.606970312499953
106,mid_to_high,8,2.0,0.0,0.1644,0.0,0.0,200.0,400.0,2.0,0.6931471805599453,-5.108071732787737,-5.849148188873325,2,2,2,1,0.0060477333333333,0.0028823533333333,0.0118613111111111,0.0119584666666667,-4.434473342525084,-4.426315743806834,0.6735983902626526,1.422832445066492,-0.39512120580946974,0.35264956450554813,4,4,4,2,2,2,4.0,2.8514559999999918
107,low_to_mid,8,2.0,0.0463,0.0573,0.0,0.0,70.0,200.0,2.857142857142857,1.0498221244986776,-6.480843289713722,-6.991618888122668,1,1,1,0,0.0015325177777777,0.0009195566666666,0.0058401555555555,0.00326492,-5.1429978462714825,-5.7245200188510195,1.337845443442239,1.2670988692716483,0.2910604419114899,0.23672993244733587,2,2,2,1,1,1,2.8016373333333195,1.7306265624999062
107,mid_to_high,8,2.0,0.0463,0.0573,0.0,0.0,200.0,400.0,2.0,0.6931471805599453,-5.1429978462714825,-5.7245200188510195,2,2,2,1,0.0058401555555555,0.00326492,0.0110577111111111,0.0127904,-4.504627256284569,-4.3590603894472695,0.6383705899869137,1.3654596294037495,-0.44883630222395354,0.3114910967957497,4,4,4,2,2,2,4.0,2.8016373333333195
108,low_to_mid,8,2.0,0.047,0.0,0.0,0.0,70.0,200.0,2.857142857142857,1.0498221244986776,-6.4420916093072345,-7.034017915046153,1,1,1,0,0.0015930711111111,0.0008813833333333,0.0062677555555555,0.0028962266666666,-5.072336954043427,-5.844346538644928,1.3697546552638078,1.1896713764012259,0.31463164005357885,0.173677114701138,2,2,2,1,1,1,2.90426133333332,1.676945312499953
108,mid_to_high,8,2.0,0.047,0.0,0.0,0.0,200.0,400.0,2.0,0.6931471805599453,-5.072336954043427,-5.844346538644928,2,2,2,1,0.0062677555555555,0.0028962266666666,0.0121107111111111,0.0120532333333333,-4.41366500215757,-4.418422328620866,0.6586719518858568,1.425924210024061,-0.41752966525642304,0.354820171928936,4,4,4,2,2,2,4.0,2.90426133333332
109,low_to_mid,8,2.0,0.0961,0.0,0.0,0.0,70.0,200.0,2.857142857142857,1.0498221244986776,-6.431566649677422,-6.968422193359627,1,1,1,0,0.0016099266666666,0.0009411366666666,0.0062259111111111,0.0031554933333333,-5.07903548411072,-5.758610429655474,1.3525311655667032,1.2098117637041528,0.30197777440588264,0.19046478032016922,2,2,2,1,1,1,2.8942186666666636,1.7609734374999062
109,mid_to_high,8,2.0,0.0961,0.0,0.0,0.0,200.0,400.0,2.0,0.6931471805599453,-5.07903548411072,-5.758610429655474,2,2,2,1,0.0062259111111111,0.0031554933333333,0.0122144,0.0121751333333333,-4.4051396954133635,-4.408359658670304,0.6738957886973561,1.3502507709851703,-0.3946797962001727,0.3002903314850869,4,4,4,2,2,2,4.0,2.8942186666666636
110,low_to_mid,8,2.0,0.1478,0.1239,0.0,0.0,70.0,200.0,2.857142857142857,1.0498221244986776,-6.441819635002269,-6.969878940464059,1,1,1,0,0.0015935044444444,0.0009397666666666,0.0062104666666666,0.0033970333333333,-5.081519238248821,-5.684852777272116,1.3603003967534482,1.2850261631919428,0.3077055553233432,0.2507790786005677,2,2,2,1,1,1,2.8905119999999838,1.7590468749999064
110,mid_to_high,8,2.0,0.1478,0.1239,0.0,0.0,200.0,400.0,2.0,0.6931471805599453,-5.081519238248821,-5.684852777272116,2,2,2,1,0.0062104666666666,0.0033970333333333,0.0123571111111111,0.0120683666666667,-4.393523583145949,-4.417167574763834,0.6879956551028721,1.267685202508282,-0.3739727563261881,0.23719256218658594,4,4,4,2,2,2,4.0,2.8905119999999838
111,low_to_mid,8,2.0,0.1521,0.0,0.0,0.0,70.0,200.0,2.857142857142857,1.0498221244986776,-6.4245722146243285,-6.9696803293227045,1,1,1,0,0.0016212266666666,0.0009399533333333,0.0063425777777777,0.0033973666666666,-5.060470003613295,-5.684754657251638,1.3641022110110337,1.2849256720710662,0.3104964913726239,0.250700873927975,2,2,2,1,1,1,2.922218666666648,1.7593093749999529
111,mid_to_high,8,2.0,0.1521,0.0,0.0,0.0,200.0,400.0,2.0,0.6931471805599453,-5.060470003613295,-5.684754657251638,2,2,2,1,0.0063425777777777,0.0033973666666666,0.0126671777777778,0.0120843333333333,-4.368741057860741,-4.415845431153182,0.6917289457525541,1.268909226098456,-0.36856109698710493,0.2381576543364186,4,4,4,2,2,2,4.0,2.922218666666648
112,low_to_mid,8,2.0,0.1772,0.244,0.0,0.0,70.0,200.0,2.857142857142857,1.0498221244986776,-6.502654681744455,-7.038312052556947,1,1,1,0,0.0014994533333333,0.0008776066666666,0.0060423333333333,0.0033532,-5.108965028169471,-5.697840165200572,1.393689653574985,1.3404718873563755,0.33195465740549257,0.2930217067144555,2,2,2,1,1,1,2.850159999999992,1.6716343749999063
112,mid_to_high,8,2.0,0.1772,0.244,0.0,0.0,200.0,400.0,2.0,0.6931471805599453,-5.108965028169471,-5.697840165200572,2,2,2,1,0.0060423333333333,0.0033532,0.0119053777777778,0.0126233,-4.430765066848101,-4.372210966352652,0.6781999613213693,1.3256291988479199,-0.38831310632190497,0.2818872137795407,4,4,4,2,2,2,4.0,2.850159999999992
